Temps,EA0
0,-0.261753397993743
0.01,-0.296587495133281
0.02,-0.296587495133281
0.03,-0.276682296767831
0.04,-0.246824499219656
0.05,-0.256777098402381
0.06,-0.301563794724643
0.07,-0.296587495133281
0.08,-0.281658596359193
0.09,-0.246824499219656
0.1,-0.261753397993743
0.11,-0.296587495133281
0.12,-0.291611195541918
0.13,-0.281658596359193
0.14,-0.236871900036931
0.15,-0.261753397993743
0.16,-0.296587495133281
0.17,-0.296587495133281
0.18,-0.281658596359193
0.19,-0.246824499219656
0.2,-0.256777098402381
0.21,-0.296587495133281
0.22,-0.296587495133281
0.23,-0.276682296767831
0.24,-0.246824499219656
0.25,-0.261753397993743
0.26,-0.296587495133281
0.27,-0.296587495133281
0.28,-0.276682296767831
0.29,-0.241848199628294
0.3,-0.251800798811018
0.31,-0.296587495133281
0.32,-0.296587495133281
0.33,-0.281658596359193
0.34,-0.236871900036931
0.35,-0.261753397993743
0.36,-0.296587495133281
0.37,-0.301563794724643
0.38,-0.281658596359193
0.39,-0.246824499219656
0.4,-0.241848199628294
0.41,-0.291611195541918
0.42,-0.301563794724643
0.43,-0.291611195541918
0.44,-0.251800798811018
0.45,-0.231895600445569
0.46,-0.281658596359193
0.47,-0.296587495133281
0.48,-0.286634895950556
0.49,-0.256777098402381
0.5,-0.236871900036931
0.51,-0.276682296767831
0.52,-0.301563794724643
0.53,-0.281658596359193
0.54,-0.271705997176468
0.55,-0.236871900036931
0.56,-0.261753397993743
0.57,-0.301563794724643
0.58,-0.291611195541918
0.59,-0.271705997176468
0.6,-0.236871900036931
0.61,-0.261753397993743
0.62,-0.301563794724643
0.63,-0.296587495133281
0.64,-0.281658596359193
0.65,-0.256777098402381
0.66,-0.236871900036931
0.67,-0.271705997176468
0.68,-0.301563794724643
0.69,-0.296587495133281
0.7,-0.266729697585106
0.71,-0.216966701671481
0.72,-0.261753397993743
0.73,-0.306540094316006
0.74,-0.296587495133281
0.75,-0.286634895950556
0.76,-0.261753397993743
0.77,-0.236871900036931
0.78,-0.276682296767831
0.79,-0.301563794724643
0.8,-0.291611195541918
0.81,-0.266729697585106
0.82,-0.231895600445569
0.83,-0.261753397993743
0.84,-0.296587495133281
0.85,-0.296587495133281
0.86,-0.276682296767831
0.87,-0.241848199628294
0.88,-0.256777098402381
0.89,-0.291611195541918
0.9,-0.301563794724643
0.91,-0.281658596359193
0.92,-0.246824499219656
0.93,-0.266729697585106
0.94,-0.296587495133281
0.95,-0.296587495133281
0.96,-0.276682296767831
0.97,-0.241848199628294
0.98,-0.256777098402381
0.99,-0.296587495133281
1,-0.291611195541918
1.01,-0.276682296767831
1.02,-0.221943001262844
1.03,-0.261753397993743
1.04,-0.296587495133281
1.05,-0.286634895950556
1.06,-0.256777098402381
1.07,-0.231895600445569
1.08,-0.286634895950556
1.09,-0.291611195541918
1.1,-0.276682296767831
1.11,-0.226919300854206
1.12,-0.261753397993743
1.13,-0.296587495133281
1.14,-0.281658596359193
1.15,-0.251800798811018
1.16,-0.256777098402381
1.17,-0.291611195541918
1.18,-0.291611195541918
1.19,-0.266729697585106
1.2,-0.231895600445569
1.21,-0.281658596359193
1.22,-0.291611195541918
1.23,-0.271705997176468
1.24,-0.211990402080119
1.25,-0.261753397993743
1.26,-0.291611195541918
1.27,-0.281658596359193
1.28,-0.246824499219656
1.29,-0.256777098402381
1.3,-0.296587495133281
1.31,-0.291611195541918
1.32,-0.256777098402381
1.33,-0.256777098402381
1.34,-0.296587495133281
1.35,-0.291611195541918
1.36,-0.256777098402381
1.37,-0.231895600445569
1.38,-0.296587495133281
1.39,-0.291611195541918
1.4,-0.261753397993743
1.41,-0.226919300854206
1.42,-0.296587495133281
1.43,-0.291611195541918
1.44,-0.266729697585106
1.45,-0.236871900036931
1.46,-0.296587495133281
1.47,-0.291611195541918
1.48,-0.261753397993743
1.49,-0.251800798811018
1.5,-0.296587495133281
1.51,-0.286634895950556
1.52,-0.251800798811018
1.53,-0.256777098402381
1.54,-0.296587495133281
1.55,-0.286634895950556
1.56,-0.251800798811018
1.57,-0.271705997176468
1.58,-0.296587495133281
1.59,-0.286634895950556
1.6,-0.251800798811018
1.61,-0.256777098402381
1.62,-0.296587495133281
1.63,-0.286634895950556
1.64,-0.246824499219656
1.65,-0.261753397993743
1.66,-0.291611195541918
1.67,-0.281658596359193
1.68,-0.231895600445569
1.69,-0.256777098402381
1.7,-0.296587495133281
1.71,-0.271705997176468
1.72,-0.226919300854206
1.73,-0.291611195541918
1.74,-0.296587495133281
1.75,-0.261753397993743
1.76,-0.261753397993743
1.77,-0.306540094316006
1.78,-0.301563794724643
1.79,-0.251800798811018
1.8,-0.271705997176468
1.81,-0.311516393907368
1.82,-0.286634895950556
1.83,-0.276682296767831
1.84,-0.321468993090093
1.85,-0.311516393907368
1.86,-0.246824499219656
1.87,-0.331421592272818
1.88,-0.331421592272818
1.89,-0.281658596359193
1.9,-0.306540094316006
1.91,-0.346350491046906
1.92,-0.301563794724643
1.93,-0.311516393907368
1.94,-0.35630309022963
1.95,-0.311516393907368
1.96,-0.311516393907368
1.97,-0.361279389820993
1.98,-0.301563794724643
1.99,-0.326445292681456
2,-0.346350491046906
2.01,-0.281658596359193
2.02,-0.35630309022963
2.03,-0.346350491046906
2.04,-0.286634895950556
2.05,-0.351326790638268
2.06,-0.321468993090093
2.07,-0.311516393907368
2.08,-0.346350491046906
2.09,-0.296587495133281
2.1,-0.346350491046906
2.11,-0.336397891864181
2.12,-0.306540094316006
2.13,-0.351326790638268
2.14,-0.296587495133281
2.15,-0.346350491046906
2.16,-0.331421592272818
2.17,-0.306540094316006
2.18,-0.336397891864181
2.19,-0.281658596359193
2.2,-0.346350491046906
2.21,-0.316492693498731
2.22,-0.311516393907368
2.23,-0.341374191455543
2.24,-0.276682296767831
2.25,-0.346350491046906
2.26,-0.296587495133281
2.27,-0.341374191455543
2.28,-0.311516393907368
2.29,-0.301563794724643
2.3,-0.331421592272818
2.31,-0.281658596359193
2.32,-0.341374191455543
2.33,-0.261753397993743
2.34,-0.346350491046906
2.35,-0.301563794724643
2.36,-0.346350491046906
2.37,-0.311516393907368
2.38,-0.311516393907368
2.39,-0.326445292681456
2.4,-0.301563794724643
2.41,-0.341374191455543
2.42,-0.276682296767831
2.43,-0.336397891864181
2.44,-0.271705997176468
2.45,-0.341374191455543
2.46,-0.286634895950556
2.47,-0.341374191455543
2.48,-0.296587495133281
2.49,-0.331421592272818
2.5,-0.316492693498731
2.51,-0.306540094316006
2.52,-0.326445292681456
2.53,-0.296587495133281
2.54,-0.336397891864181
2.55,-0.286634895950556
2.56,-0.346350491046906
2.57,-0.261753397993743
2.58,-0.336397891864181
2.59,-0.271705997176468
2.6,-0.341374191455543
2.61,-0.281658596359193
2.62,-0.341374191455543
2.63,-0.291611195541918
2.64,-0.341374191455543
2.65,-0.306540094316006
2.66,-0.326445292681456
2.67,-0.316492693498731
2.68,-0.301563794724643
2.69,-0.321468993090093
2.7,-0.296587495133281
2.71,-0.336397891864181
2.72,-0.296587495133281
2.73,-0.336397891864181
2.74,-0.271705997176468
2.75,-0.336397891864181
2.76,-0.261753397993743
2.77,-0.341374191455543
2.78,-0.246824499219656
2.79,-0.341374191455543
2.8,-0.281658596359193
2.81,-0.341374191455543
2.82,-0.291611195541918
2.83,-0.341374191455543
2.84,-0.301563794724643
2.85,-0.346350491046906
2.86,-0.301563794724643
2.87,-0.351326790638268
2.88,-0.301563794724643
2.89,-0.346350491046906
2.9,-0.306540094316006
2.91,-0.346350491046906
2.92,-0.301563794724643
2.93,-0.346350491046906
2.94,-0.296587495133281
2.95,-0.351326790638268
2.96,-0.296587495133281
2.97,-0.351326790638268
2.98,-0.296587495133281
2.99,-0.346350491046906
3,-0.286634895950556
3.01,-0.351326790638268
3.02,-0.241848199628294
3.03,-0.346350491046906
3.04,-0.271705997176468
3.05,-0.346350491046906
3.06,-0.306540094316006
3.07,-0.341374191455543
3.08,-0.306540094316006
3.09,-0.341374191455543
3.1,-0.316492693498731
3.11,-0.331421592272818
3.12,-0.331421592272818
3.13,-0.321468993090093
3.14,-0.351326790638268
3.15,-0.306540094316006
3.16,-0.35630309022963
3.17,-0.286634895950556
3.18,-0.351326790638268
3.19,-0.286634895950556
3.2,-0.351326790638268
3.21,-0.316492693498731
3.22,-0.346350491046906
3.23,-0.321468993090093
3.24,-0.326445292681456
3.25,-0.35630309022963
3.26,-0.316492693498731
3.27,-0.35630309022963
3.28,-0.276682296767831
3.29,-0.35630309022963
3.3,-0.316492693498731
3.31,-0.351326790638268
3.32,-0.331421592272818
3.33,-0.326445292681456
3.34,-0.366255689412355
3.35,-0.301563794724643
3.36,-0.361279389820993
3.37,-0.296587495133281
3.38,-0.35630309022963
3.39,-0.321468993090093
3.4,-0.336397891864181
3.41,-0.366255689412355
3.42,-0.306540094316006
3.43,-0.366255689412355
3.44,-0.286634895950556
3.45,-0.35630309022963
3.46,-0.331421592272818
3.47,-0.326445292681456
3.48,-0.366255689412355
3.49,-0.281658596359193
3.5,-0.361279389820993
3.51,-0.326445292681456
3.52,-0.346350491046906
3.53,-0.371231989003718
3.54,-0.316492693498731
3.55,-0.366255689412355
3.56,-0.286634895950556
3.57,-0.35630309022963
3.58,-0.341374191455543
3.59,-0.321468993090093
3.6,-0.361279389820993
3.61,-0.296587495133281
3.62,-0.351326790638268
3.63,-0.346350491046906
3.64,-0.316492693498731
3.65,-0.35630309022963
3.66,-0.296587495133281
3.67,-0.351326790638268
3.68,-0.346350491046906
3.69,-0.311516393907368
3.7,-0.366255689412355
3.71,-0.291611195541918
3.72,-0.346350491046906
3.73,-0.366255689412355
3.74,-0.301563794724643
3.75,-0.361279389820993
3.76,-0.316492693498731
3.77,-0.326445292681456
3.78,-0.361279389820993
3.79,-0.281658596359193
3.8,-0.35630309022963
3.81,-0.326445292681456
3.82,-0.321468993090093
3.83,-0.366255689412355
3.84,-0.301563794724643
3.85,-0.351326790638268
3.86,-0.37620828859508
3.87,-0.301563794724643
3.88,-0.361279389820993
3.89,-0.326445292681456
3.9,-0.321468993090093
3.91,-0.366255689412355
3.92,-0.296587495133281
3.93,-0.346350491046906
3.94,-0.366255689412355
3.95,-0.281658596359193
3.96,-0.35630309022963
3.97,-0.366255689412355
3.98,-0.291611195541918
3.99,-0.361279389820993
4,-0.351326790638268
4.01,-0.306540094316006
4.02,-0.361279389820993
4.03,-0.336397891864181
4.04,-0.316492693498731
4.05,-0.361279389820993
4.06,-0.336397891864181
4.07,-0.321468993090093
4.08,-0.371231989003718
4.09,-0.336397891864181
4.1,-0.316492693498731
4.11,-0.366255689412355
4.12,-0.321468993090093
4.13,-0.316492693498731
4.14,-0.371231989003718
4.15,-0.346350491046906
4.16,-0.311516393907368
4.17,-0.371231989003718
4.18,-0.361279389820993
4.19,-0.296587495133281
4.2,-0.361279389820993
4.21,-0.37620828859508
4.22,-0.286634895950556
4.23,-0.35630309022963
4.24,-0.371231989003718
4.25,-0.321468993090093
4.26,-0.331421592272818
4.27,-0.366255689412355
4.28,-0.326445292681456
4.29,-0.311516393907368
4.3,-0.361279389820993
4.31,-0.371231989003718
4.32,-0.301563794724643
4.33,-0.351326790638268
4.34,-0.371231989003718
4.35,-0.286634895950556
4.36,-0.341374191455543
4.37,-0.371231989003718
4.38,-0.326445292681456
4.39,-0.326445292681456
4.4,-0.366255689412355
4.41,-0.346350491046906
4.42,-0.296587495133281
4.43,-0.351326790638268
4.44,-0.371231989003718
4.45,-0.321468993090093
4.46,-0.321468993090093
4.47,-0.366255689412355
4.48,-0.336397891864181
4.49,-0.306540094316006
4.5,-0.366255689412355
4.51,-0.371231989003718
4.52,-0.276682296767831
4.53,-0.35630309022963
4.54,-0.371231989003718
4.55,-0.321468993090093
4.56,-0.336397891864181
4.57,-0.366255689412355
4.58,-0.331421592272818
4.59,-0.306540094316006
4.6,-0.371231989003718
4.61,-0.361279389820993
4.62,-0.301563794724643
4.63,-0.331421592272818
4.64,-0.381184588186443
4.65,-0.326445292681456
4.66,-0.316492693498731
4.67,-0.366255689412355
4.68,-0.35630309022963
4.69,-0.291611195541918
4.7,-0.35630309022963
4.71,-0.371231989003718
4.72,-0.326445292681456
4.73,-0.326445292681456
4.74,-0.371231989003718
4.75,-0.336397891864181
4.76,-0.301563794724643
4.77,-0.35630309022963
4.78,-0.366255689412355
4.79,-0.306540094316006
4.8,-0.346350491046906
4.81,-0.37620828859508
4.82,-0.326445292681456
4.83,-0.336397891864181
4.84,-0.371231989003718
4.85,-0.331421592272818
4.86,-0.311516393907368
4.87,-0.361279389820993
4.88,-0.371231989003718
4.89,-0.266729697585106
4.9,-0.351326790638268
4.91,-0.371231989003718
4.92,-0.326445292681456
4.93,-0.326445292681456
4.94,-0.371231989003718
4.95,-0.351326790638268
4.96,-0.311516393907368
4.97,-0.361279389820993
4.98,-0.371231989003718
4.99,-0.281658596359193
5,-0.351326790638268
5.01,-0.371231989003718
5.02,-0.326445292681456
5.03,-0.321468993090093
5.04,-0.371231989003718
5.05,-0.341374191455543
5.06,-0.291611195541918
5.07,-0.35630309022963
5.08,-0.371231989003718
5.09,-0.321468993090093
5.1,-0.316492693498731
5.11,-0.366255689412355
5.12,-0.35630309022963
5.13,-0.296587495133281
5.14,-0.361279389820993
5.15,-0.371231989003718
5.16,-0.326445292681456
5.17,-0.331421592272818
5.18,-0.371231989003718
5.19,-0.351326790638268
5.2,-0.281658596359193
5.21,-0.351326790638268
5.22,-0.37620828859508
5.23,-0.326445292681456
5.24,-0.321468993090093
5.25,-0.366255689412355
5.26,-0.371231989003718
5.27,-0.306540094316006
5.28,-0.346350491046906
5.29,-0.371231989003718
5.3,-0.336397891864181
5.31,-0.306540094316006
5.32,-0.361279389820993
5.33,-0.381184588186443
5.34,-0.331421592272818
5.35,-0.331421592272818
5.36,-0.37620828859508
5.37,-0.386160887777805
5.38,-0.336397891864181
5.39,-0.341374191455543
5.4,-0.381184588186443
5.41,-0.381184588186443
5.42,-0.306540094316006
5.43,-0.35630309022963
5.44,-0.386160887777805
5.45,-0.341374191455543
5.46,-0.311516393907368
5.47,-0.366255689412355
5.48,-0.381184588186443
5.49,-0.341374191455543
5.5,-0.316492693498731
5.51,-0.371231989003718
5.52,-0.39611348696053
5.53,-0.331421592272818
5.54,-0.321468993090093
5.55,-0.386160887777805
5.56,-0.386160887777805
5.57,-0.336397891864181
5.58,-0.336397891864181
5.59,-0.381184588186443
5.6,-0.381184588186443
5.61,-0.341374191455543
5.62,-0.341374191455543
5.63,-0.371231989003718
5.64,-0.386160887777805
5.65,-0.331421592272818
5.66,-0.341374191455543
5.67,-0.381184588186443
5.68,-0.386160887777805
5.69,-0.301563794724643
5.7,-0.341374191455543
5.71,-0.381184588186443
5.72,-0.381184588186443
5.73,-0.306540094316006
5.74,-0.341374191455543
5.75,-0.386160887777805
5.76,-0.381184588186443
5.77,-0.306540094316006
5.78,-0.35630309022963
5.79,-0.381184588186443
5.8,-0.37620828859508
5.81,-0.316492693498731
5.82,-0.341374191455543
5.83,-0.381184588186443
5.84,-0.381184588186443
5.85,-0.311516393907368
5.86,-0.336397891864181
5.87,-0.37620828859508
5.88,-0.381184588186443
5.89,-0.271705997176468
5.9,-0.341374191455543
5.91,-0.381184588186443
5.92,-0.391137187369168
5.93,-0.311516393907368
5.94,-0.331421592272818
5.95,-0.371231989003718
5.96,-0.381184588186443
5.97,-0.336397891864181
5.98,-0.321468993090093
5.99,-0.371231989003718
6,-0.39611348696053
6.01,-0.336397891864181
6.02,-0.311516393907368
6.03,-0.371231989003718
6.04,-0.401089786551893
6.05,-0.39611348696053
6.06,-0.326445292681456
6.07,-0.35630309022963
6.08,-0.386160887777805
6.09,-0.401089786551893
6.1,-0.35630309022963
6.11,-0.326445292681456
6.12,-0.366255689412355
6.13,-0.391137187369168
6.14,-0.39611348696053
6.15,-0.326445292681456
6.16,-0.346350491046906
6.17,-0.37620828859508
6.18,-0.39611348696053
6.19,-0.35630309022963
6.2,-0.286634895950556
6.21,-0.361279389820993
6.22,-0.391137187369168
6.23,-0.401089786551893
6.24,-0.346350491046906
6.25,-0.326445292681456
6.26,-0.366255689412355
6.27,-0.39611348696053
6.28,-0.39611348696053
6.29,-0.351326790638268
6.3,-0.336397891864181
6.31,-0.371231989003718
6.32,-0.401089786551893
6.33,-0.381184588186443
6.34,-0.321468993090093
6.35,-0.341374191455543
6.36,-0.37620828859508
6.37,-0.39611348696053
6.38,-0.381184588186443
6.39,-0.311516393907368
6.4,-0.336397891864181
6.41,-0.37620828859508
6.42,-0.39611348696053
6.43,-0.386160887777805
6.44,-0.311516393907368
6.45,-0.336397891864181
6.46,-0.37620828859508
6.47,-0.39611348696053
6.48,-0.381184588186443
6.49,-0.346350491046906
6.5,-0.321468993090093
6.51,-0.37620828859508
6.52,-0.391137187369168
6.53,-0.391137187369168
6.54,-0.346350491046906
6.55,-0.326445292681456
6.56,-0.366255689412355
6.57,-0.391137187369168
6.58,-0.39611348696053
6.59,-0.351326790638268
6.6,-0.311516393907368
6.61,-0.361279389820993
6.62,-0.386160887777805
6.63,-0.391137187369168
6.64,-0.346350491046906
6.65,-0.296587495133281
6.66,-0.351326790638268
6.67,-0.381184588186443
6.68,-0.391137187369168
6.69,-0.361279389820993
6.7,-0.326445292681456
6.71,-0.336397891864181
6.72,-0.37620828859508
6.73,-0.391137187369168
6.74,-0.386160887777805
6.75,-0.306540094316006
6.76,-0.331421592272818
6.77,-0.371231989003718
6.78,-0.391137187369168
6.79,-0.401089786551893
6.8,-0.346350491046906
6.81,-0.331421592272818
6.82,-0.37620828859508
6.83,-0.391137187369168
6.84,-0.391137187369168
6.85,-0.351326790638268
6.86,-0.306540094316006
6.87,-0.35630309022963
6.88,-0.386160887777805
6.89,-0.39611348696053
6.9,-0.351326790638268
6.91,-0.296587495133281
6.92,-0.35630309022963
6.93,-0.386160887777805
6.94,-0.391137187369168
6.95,-0.35630309022963
6.96,-0.316492693498731
6.97,-0.346350491046906
6.98,-0.37620828859508
6.99,-0.386160887777805
7,-0.39611348696053
7.01,-0.346350491046906
7.02,-0.326445292681456
7.03,-0.366255689412355
7.04,-0.386160887777805
7.05,-0.401089786551893
7.06,-0.351326790638268
7.07,-0.281658596359193
7.08,-0.351326790638268
7.09,-0.37620828859508
7.1,-0.406066086143255
7.11,-0.381184588186443
7.12,-0.311516393907368
7.13,-0.331421592272818
7.14,-0.371231989003718
7.15,-0.391137187369168
7.16,-0.39611348696053
7.17,-0.346350491046906
7.18,-0.296587495133281
7.19,-0.35630309022963
7.2,-0.391137187369168
7.21,-0.39611348696053
7.22,-0.391137187369168
7.23,-0.35630309022963
7.24,-0.336397891864181
7.25,-0.37620828859508
7.26,-0.401089786551893
7.27,-0.401089786551893
7.28,-0.361279389820993
7.29,-0.336397891864181
7.3,-0.351326790638268
7.31,-0.381184588186443
7.32,-0.401089786551893
7.33,-0.406066086143255
7.34,-0.366255689412355
7.35,-0.291611195541918
7.36,-0.361279389820993
7.37,-0.391137187369168
7.38,-0.401089786551893
7.39,-0.406066086143255
7.4,-0.361279389820993
7.41,-0.306540094316006
7.42,-0.366255689412355
7.43,-0.401089786551893
7.44,-0.406066086143255
7.45,-0.411042385734618
7.46,-0.371231989003718
7.47,-0.316492693498731
7.48,-0.366255689412355
7.49,-0.39611348696053
7.5,-0.41601868532598
7.51,-0.420994984917343
7.52,-0.381184588186443
7.53,-0.351326790638268
7.54,-0.35630309022963
7.55,-0.39611348696053
7.56,-0.41601868532598
7.57,-0.425971284508705
7.58,-0.406066086143255
7.59,-0.37620828859508
7.6,-0.316492693498731
7.61,-0.366255689412355
7.62,-0.401089786551893
7.63,-0.41601868532598
7.64,-0.425971284508705
7.65,-0.425971284508705
7.66,-0.37620828859508
7.67,-0.346350491046906
7.68,-0.35630309022963
7.69,-0.401089786551893
7.7,-0.425971284508705
7.71,-0.430947584100068
7.72,-0.430947584100068
7.73,-0.39611348696053
7.74,-0.386160887777805
7.75,-0.321468993090093
7.76,-0.371231989003718
7.77,-0.391137187369168
7.78,-0.411042385734618
7.79,-0.425971284508705
7.8,-0.430947584100068
7.81,-0.425971284508705
7.82,-0.39611348696053
7.83,-0.381184588186443
7.84,-0.346350491046906
7.85,-0.346350491046906
7.86,-0.371231989003718
7.87,-0.391137187369168
7.88,-0.411042385734618
7.89,-0.425971284508705
7.9,-0.425971284508705
7.91,-0.420994984917343
7.92,-0.430947584100068
7.93,-0.406066086143255
7.94,-0.386160887777805
7.95,-0.37620828859508
7.96,-0.351326790638268
7.97,-0.331421592272818
7.98,-0.35630309022963
7.99,-0.371231989003718
8,-0.381184588186443
8.01,-0.39611348696053
8.02,-0.425971284508705
8.03,-0.420994984917343
8.04,-0.41601868532598
8.05,-0.425971284508705
8.06,-0.420994984917343
8.07,-0.425971284508705
8.08,-0.425971284508705
8.09,-0.425971284508705
8.1,-0.406066086143255
8.11,-0.381184588186443
8.12,-0.381184588186443
8.13,-0.381184588186443
8.14,-0.37620828859508
8.15,-0.351326790638268
8.16,-0.351326790638268
8.17,-0.311516393907368
8.18,-0.331421592272818
8.19,-0.341374191455543
8.2,-0.35630309022963
8.21,-0.35630309022963
8.22,-0.361279389820993
8.23,-0.371231989003718
8.24,-0.381184588186443
8.25,-0.391137187369168
8.26,-0.39611348696053
8.27,-0.39611348696053
8.28,-0.411042385734618
8.29,-0.41601868532598
8.3,-0.41601868532598
8.31,-0.411042385734618
8.32,-0.420994984917343
8.33,-0.41601868532598
8.34,-0.420994984917343
8.35,-0.41601868532598
8.36,-0.420994984917343
8.37,-0.420994984917343
8.38,-0.425971284508705
8.39,-0.420994984917343
8.4,-0.425971284508705
8.41,-0.425971284508705
8.42,-0.425971284508705
8.43,-0.406066086143255
8.44,-0.386160887777805
8.45,-0.381184588186443
8.46,-0.37620828859508
8.47,-0.37620828859508
8.48,-0.371231989003718
8.49,-0.341374191455543
8.5,-0.346350491046906
8.51,-0.336397891864181
8.52,-0.316492693498731
8.53,-0.326445292681456
8.54,-0.331421592272818
8.55,-0.336397891864181
8.56,-0.346350491046906
8.57,-0.35630309022963
8.58,-0.361279389820993
8.59,-0.366255689412355
8.6,-0.366255689412355
8.61,-0.37620828859508
8.62,-0.386160887777805
8.63,-0.39611348696053
8.64,-0.391137187369168
8.65,-0.401089786551893
8.66,-0.39611348696053
8.67,-0.406066086143255
8.68,-0.401089786551893
8.69,-0.401089786551893
8.7,-0.411042385734618
8.71,-0.411042385734618
8.72,-0.41601868532598
8.73,-0.41601868532598
8.74,-0.41601868532598
8.75,-0.420994984917343
8.76,-0.425971284508705
8.77,-0.425971284508705
8.78,-0.425971284508705
8.79,-0.425971284508705
8.8,-0.425971284508705
8.81,-0.425971284508705
8.82,-0.425971284508705
8.83,-0.425971284508705
8.84,-0.425971284508705
8.85,-0.425971284508705
8.86,-0.425971284508705
8.87,-0.430947584100068
8.88,-0.430947584100068
8.89,-0.425971284508705
8.9,-0.425971284508705
8.91,-0.411042385734618
8.92,-0.401089786551893
8.93,-0.391137187369168
8.94,-0.391137187369168
8.95,-0.386160887777805
8.96,-0.386160887777805
8.97,-0.391137187369168
8.98,-0.386160887777805
8.99,-0.37620828859508
9,-0.381184588186443
9.01,-0.381184588186443
9.02,-0.37620828859508
9.03,-0.336397891864181
9.04,-0.351326790638268
9.05,-0.351326790638268
9.06,-0.351326790638268
9.07,-0.346350491046906
9.08,-0.331421592272818
9.09,-0.336397891864181
9.1,-0.321468993090093
9.11,-0.326445292681456
9.12,-0.336397891864181
9.13,-0.341374191455543
9.14,-0.341374191455543
9.15,-0.341374191455543
9.16,-0.351326790638268
9.17,-0.346350491046906
9.18,-0.346350491046906
9.19,-0.346350491046906
9.2,-0.341374191455543
9.21,-0.346350491046906
9.22,-0.346350491046906
9.23,-0.346350491046906
9.24,-0.351326790638268
9.25,-0.346350491046906
9.26,-0.346350491046906
9.27,-0.336397891864181
9.28,-0.336397891864181
9.29,-0.331421592272818
9.3,-0.331421592272818
9.31,-0.35630309022963
9.32,-0.351326790638268
9.33,-0.346350491046906
9.34,-0.386160887777805
9.35,-0.39611348696053
9.36,-0.391137187369168
9.37,-0.39611348696053
9.38,-0.406066086143255
9.39,-0.41601868532598
9.4,-0.440900183282793
9.41,-0.445876482874155
9.42,-0.445876482874155
9.43,-0.440900183282793
9.44,-0.440900183282793
9.45,-0.440900183282793
9.46,-0.43592388369143
9.47,-0.425971284508705
9.48,-0.425971284508705
9.49,-0.406066086143255
9.5,-0.391137187369168
9.51,-0.371231989003718
9.52,-0.361279389820993
9.53,-0.351326790638268
9.54,-0.361279389820993
9.55,-0.39611348696053
9.56,-0.401089786551893
9.57,-0.425971284508705
9.58,-0.445876482874155
9.59,-0.440900183282793
9.6,-0.445876482874155
9.61,-0.440900183282793
9.62,-0.430947584100068
9.63,-0.430947584100068
9.64,-0.420994984917343
9.65,-0.391137187369168
9.66,-0.371231989003718
9.67,-0.351326790638268
9.68,-0.35630309022963
9.69,-0.391137187369168
9.7,-0.39611348696053
9.71,-0.43592388369143
9.72,-0.440900183282793
9.73,-0.440900183282793
9.74,-0.43592388369143
9.75,-0.425971284508705
9.76,-0.39611348696053
9.77,-0.39611348696053
9.78,-0.381184588186443
9.79,-0.35630309022963
9.8,-0.366255689412355
9.81,-0.386160887777805
9.82,-0.39611348696053
9.83,-0.43592388369143
9.84,-0.43592388369143
9.85,-0.430947584100068
9.86,-0.430947584100068
9.87,-0.420994984917343
9.88,-0.406066086143255
9.89,-0.381184588186443
9.9,-0.366255689412355
9.91,-0.366255689412355
9.92,-0.386160887777805
9.93,-0.39611348696053
9.94,-0.440900183282793
9.95,-0.440900183282793
9.96,-0.440900183282793
9.97,-0.430947584100068
9.98,-0.420994984917343
9.99,-0.406066086143255
10,-0.39611348696053
10.01,-0.361279389820993
10.02,-0.361279389820993
10.03,-0.386160887777805
10.04,-0.406066086143255
10.05,-0.43592388369143
10.06,-0.43592388369143
10.07,-0.43592388369143
10.08,-0.430947584100068
10.09,-0.425971284508705
10.1,-0.406066086143255
10.11,-0.391137187369168
10.12,-0.361279389820993
10.13,-0.336397891864181
10.14,-0.386160887777805
10.15,-0.386160887777805
10.16,-0.43592388369143
10.17,-0.43592388369143
10.18,-0.425971284508705
10.19,-0.425971284508705
10.2,-0.420994984917343
10.21,-0.39611348696053
10.22,-0.371231989003718
10.23,-0.331421592272818
10.24,-0.346350491046906
10.25,-0.391137187369168
10.26,-0.420994984917343
10.27,-0.43592388369143
10.28,-0.430947584100068
10.29,-0.425971284508705
10.3,-0.41601868532598
10.31,-0.391137187369168
10.32,-0.371231989003718
10.33,-0.336397891864181
10.34,-0.311516393907368
10.35,-0.391137187369168
10.36,-0.430947584100068
10.37,-0.440900183282793
10.38,-0.440900183282793
10.39,-0.43592388369143
10.4,-0.420994984917343
10.41,-0.401089786551893
10.42,-0.381184588186443
10.43,-0.346350491046906
10.44,-0.361279389820993
10.45,-0.386160887777805
10.46,-0.425971284508705
10.47,-0.43592388369143
10.48,-0.440900183282793
10.49,-0.43592388369143
10.5,-0.41601868532598
10.51,-0.401089786551893
10.52,-0.37620828859508
10.53,-0.351326790638268
10.54,-0.361279389820993
10.55,-0.391137187369168
10.56,-0.41601868532598
10.57,-0.440900183282793
10.58,-0.440900183282793
10.59,-0.43592388369143
10.6,-0.420994984917343
10.61,-0.406066086143255
10.62,-0.381184588186443
10.63,-0.351326790638268
10.64,-0.361279389820993
10.65,-0.39611348696053
10.66,-0.43592388369143
10.67,-0.445876482874155
10.68,-0.43592388369143
10.69,-0.430947584100068
10.7,-0.411042385734618
10.71,-0.386160887777805
10.72,-0.361279389820993
10.73,-0.336397891864181
10.74,-0.391137187369168
10.75,-0.406066086143255
10.76,-0.440900183282793
10.77,-0.43592388369143
10.78,-0.43592388369143
10.79,-0.41601868532598
10.8,-0.39611348696053
10.81,-0.366255689412355
10.82,-0.331421592272818
10.83,-0.391137187369168
10.84,-0.401089786551893
10.85,-0.43592388369143
10.86,-0.43592388369143
10.87,-0.440900183282793
10.88,-0.425971284508705
10.89,-0.39611348696053
10.9,-0.381184588186443
10.91,-0.35630309022963
10.92,-0.386160887777805
10.93,-0.411042385734618
10.94,-0.43592388369143
10.95,-0.440900183282793
10.96,-0.43592388369143
10.97,-0.41601868532598
10.98,-0.401089786551893
10.99,-0.371231989003718
11,-0.341374191455543
11.01,-0.391137187369168
11.02,-0.411042385734618
11.03,-0.445876482874155
11.04,-0.445876482874155
11.05,-0.430947584100068
11.06,-0.406066086143255
11.07,-0.371231989003718
11.08,-0.336397891864181
11.09,-0.39611348696053
11.1,-0.411042385734618
11.11,-0.450852782465518
11.12,-0.445876482874155
11.13,-0.440900183282793
11.14,-0.425971284508705
11.15,-0.406066086143255
11.16,-0.37620828859508
11.17,-0.35630309022963
11.18,-0.39611348696053
11.19,-0.440900183282793
11.2,-0.450852782465518
11.21,-0.45582908205688
11.22,-0.445876482874155
11.23,-0.420994984917343
11.24,-0.391137187369168
11.25,-0.351326790638268
11.26,-0.401089786551893
11.27,-0.41601868532598
11.28,-0.45582908205688
11.29,-0.450852782465518
11.3,-0.445876482874155
11.31,-0.430947584100068
11.32,-0.401089786551893
11.33,-0.366255689412355
11.34,-0.361279389820993
11.35,-0.411042385734618
11.36,-0.450852782465518
11.37,-0.45582908205688
11.38,-0.440900183282793
11.39,-0.41601868532598
11.4,-0.386160887777805
11.41,-0.336397891864181
11.42,-0.401089786551893
11.43,-0.430947584100068
11.44,-0.45582908205688
11.45,-0.45582908205688
11.46,-0.445876482874155
11.47,-0.41601868532598
11.48,-0.401089786551893
11.49,-0.361279389820993
11.5,-0.401089786551893
11.51,-0.45582908205688
11.52,-0.460805381648242
11.53,-0.450852782465518
11.54,-0.430947584100068
11.55,-0.39611348696053
11.56,-0.336397891864181
11.57,-0.406066086143255
11.58,-0.450852782465518
11.59,-0.465781681239605
11.6,-0.450852782465518
11.61,-0.43592388369143
11.62,-0.411042385734618
11.63,-0.371231989003718
11.64,-0.411042385734618
11.65,-0.425971284508705
11.66,-0.460805381648242
11.67,-0.470757980830967
11.68,-0.440900183282793
11.69,-0.411042385734618
11.7,-0.371231989003718
11.71,-0.371231989003718
11.72,-0.440900183282793
11.73,-0.460805381648242
11.74,-0.45582908205688
11.75,-0.440900183282793
11.76,-0.39611348696053
11.77,-0.381184588186443
11.78,-0.420994984917343
11.79,-0.465781681239605
11.8,-0.460805381648242
11.81,-0.445876482874155
11.82,-0.420994984917343
11.83,-0.346350491046906
11.84,-0.41601868532598
11.85,-0.465781681239605
11.86,-0.465781681239605
11.87,-0.450852782465518
11.88,-0.41601868532598
11.89,-0.371231989003718
11.9,-0.41601868532598
11.91,-0.460805381648242
11.92,-0.460805381648242
11.93,-0.450852782465518
11.94,-0.41601868532598
11.95,-0.37620828859508
11.96,-0.406066086143255
11.97,-0.460805381648242
11.98,-0.45582908205688
11.99,-0.440900183282793
12,-0.401089786551893
12.01,-0.351326790638268
12.02,-0.420994984917343
12.03,-0.460805381648242
12.04,-0.450852782465518
12.05,-0.420994984917343
12.06,-0.37620828859508
12.07,-0.406066086143255
12.08,-0.460805381648242
12.09,-0.450852782465518
12.1,-0.425971284508705
12.11,-0.37620828859508
12.12,-0.39611348696053
12.13,-0.440900183282793
12.14,-0.41601868532598
12.15,-0.351326790638268
12.16,-0.406066086143255
12.17,-0.41601868532598
12.18,-0.35630309022963
12.19,-0.37620828859508
12.2,-0.256777098402381
12.21,-0.236871900036931
12.22,-0.246824499219656
12.23,-0.226919300854206
12.24,-0.182132604531944
12.25,-0.167203705757856
12.26,-0.172180005349219
12.27,-0.142322207801044
12.28,-0.127393309026957
12.29,-0.0925592118874192
12.3,-0.0875829122960567
12.31,-0.0925592118874192
12.32,-0.0627014143392444
12.33,-0.0477725155651569
12.34,-0.0527488151565194
12.35,-0.0228910176083446
12.36,-0.0129384184256196
12.37,-0.0129384184256196
12.38,0.00199048034846783
12.39,0.0119430795311928
12.4,0.00199048034846783
12.41,-0.00298581924289465
12.42,0.00199048034846783
12.43,-0.00298581924289465
12.44,-0.00298581924289465
12.45,0.00199048034846783
12.46,0.00199048034846783
12.47,-0.00298581924289465
12.48,0.00199048034846783
12.49,-0.00298581924289465
12.5,0.00199048034846783
12.51,-0.00298581924289465
12.52,-0.00298581924289465
12.53,0.00199048034846783
12.54,-0.00796211883425713
12.55,0.00199048034846783
12.56,-0.0129384184256196
12.57,-0.00298581924289465
12.58,-0.00298581924289465
12.59,-0.00298581924289465
12.6,0.00199048034846783
12.61,0.00199048034846783
12.62,0.0119430795311928
12.63,0.0069667799398303
12.64,0.00199048034846783
12.65,-0.00298581924289465
12.66,-0.00298581924289465
12.67,0.0069667799398303
12.68,-0.00298581924289465
12.69,-0.00298581924289465
12.7,0.00199048034846783
12.71,-0.00298581924289465
12.72,-0.00298581924289465
12.73,-0.00298581924289465
12.74,0.00199048034846783
12.75,0.00199048034846783
12.76,0.00199048034846783
12.77,0.00199048034846783
12.78,0.00199048034846783
12.79,0.00199048034846783
12.8,-0.00298581924289465
12.81,0.00199048034846783
12.82,0.00199048034846783
12.83,0.00199048034846783
12.84,-0.00298581924289465
12.85,-0.00298581924289465
12.86,0.00199048034846783
12.87,0.00199048034846783
12.88,-0.00298581924289465
12.89,0.00199048034846783
12.9,-0.00298581924289465
12.91,0.00199048034846783
12.92,0.00199048034846783
12.93,0.00199048034846783
12.94,-0.00796211883425713
12.95,0.0069667799398303
12.96,-0.00796211883425713
12.97,-0.00298581924289465
12.98,0.00199048034846783
12.99,-0.00298581924289465
13,-0.00298581924289465
13.01,-0.00298581924289465
13.02,0.00199048034846783
13.03,-0.00298581924289465
13.04,-0.00298581924289465
13.05,-0.00298581924289465
13.06,-0.00298581924289465
13.07,0.00199048034846783
13.08,-0.00298581924289465
13.09,0.00199048034846783
13.1,-0.00796211883425713
13.11,0.00199048034846783
13.12,0.00199048034846783
13.13,0.00199048034846783
13.14,-0.00796211883425713
13.15,0.00199048034846783
13.16,0.00199048034846783
13.17,-0.00298581924289465
13.18,-0.00298581924289465
13.19,0.00199048034846783
13.2,-0.00298581924289465
13.21,0.00199048034846783
13.22,0.00199048034846783
13.23,-0.00298581924289465
13.24,0.00199048034846783
13.25,-0.00298581924289465
13.26,0.00199048034846783
13.27,-0.00298581924289465
13.28,-0.00298581924289465
13.29,0.00199048034846783
13.3,-0.00298581924289465
13.31,-0.00298581924289465
13.32,0.00199048034846783
13.33,-0.00298581924289465
13.34,-0.00796211883425713
13.35,0.00199048034846783
13.36,-0.00298581924289465
13.37,-0.00298581924289465
13.38,0.00199048034846783
13.39,-0.00298581924289465
13.4,0.00199048034846783
13.41,-0.00298581924289465
13.42,-0.00298581924289465
13.43,-0.00298581924289465
13.44,-0.00298581924289465
13.45,0.00199048034846783
13.46,0.00199048034846783
13.47,-0.00298581924289465
13.48,-0.00298581924289465
13.49,0.0069667799398303
13.5,-0.00298581924289465
13.51,-0.00298581924289465
13.52,0.0169193791225553
13.53,-0.00298581924289465
13.54,-0.00796211883425713
13.55,-0.00298581924289465
13.56,0.00199048034846783
13.57,-0.00796211883425713
13.58,0.00199048034846783
13.59,-0.00298581924289465
13.6,0.00199048034846783
13.61,-0.00298581924289465
13.62,-0.00298581924289465
13.63,0.00199048034846783
13.64,-0.00298581924289465
13.65,-0.00298581924289465
13.66,0.00199048034846783
13.67,0.00199048034846783
13.68,-0.00298581924289465
13.69,0.00199048034846783
13.7,0.00199048034846783
13.71,-0.00796211883425713
13.72,0.00199048034846783
13.73,0.00199048034846783
13.74,-0.0179147180169821
13.75,-0.00298581924289465
13.76,0.00199048034846783
13.77,0.00199048034846783
13.78,-0.00298581924289465
13.79,-0.00298581924289465
13.8,-0.00796211883425713
13.81,0.00199048034846783
13.82,-0.00298581924289465
13.83,0.00199048034846783
13.84,-0.00298581924289465
13.85,-0.00298581924289465
13.86,0.00199048034846783
13.87,-0.0129384184256196
13.88,-0.00298581924289465
13.89,0.00199048034846783
13.9,-0.00298581924289465
13.91,-0.00298581924289465
13.92,0.00199048034846783
13.93,0.00199048034846783
13.94,-0.00298581924289465
13.95,-0.00298581924289465
13.96,0.00199048034846783
13.97,0.00199048034846783
13.98,-0.00298581924289465
13.99,-0.00298581924289465
14,0.00199048034846783
14.01,-0.00298581924289465
14.02,0.00199048034846783
14.03,0.0069667799398303
14.04,-0.00298581924289465
14.05,-0.00298581924289465
14.06,0.0069667799398303
14.07,0.00199048034846783
14.08,-0.00298581924289465
14.09,0.00199048034846783
14.1,-0.00298581924289465
14.11,-0.00298581924289465
14.12,-0.00298581924289465
14.13,0.00199048034846783
14.14,-0.00298581924289465
14.15,-0.00298581924289465
14.16,0.00199048034846783
14.17,-0.00298581924289465
14.18,0.00199048034846783
14.19,-0.00796211883425713
14.2,0.0069667799398303
14.21,-0.00298581924289465
14.22,-0.00298581924289465
14.23,-0.00298581924289465
14.24,0.00199048034846783
14.25,0.00199048034846783
14.26,0.00199048034846783
14.27,0.00199048034846783
14.28,-0.00298581924289465
14.29,-0.00298581924289465
14.3,-0.00298581924289465
14.31,0.00199048034846783
14.32,-0.00298581924289465
14.33,-0.00298581924289465
14.34,0.00199048034846783
14.35,0.00199048034846783
14.36,-0.00298581924289465
14.37,0.00199048034846783
14.38,-0.00298581924289465
14.39,-0.0228910176083446
14.4,0.0069667799398303
14.41,-0.00796211883425713
14.42,-0.00298581924289465
14.43,-0.00298581924289465
14.44,0.00199048034846783
14.45,-0.00298581924289465
14.46,0.00199048034846783
14.47,0.00199048034846783
14.48,-0.00298581924289465
14.49,0.00199048034846783
14.5,-0.00298581924289465
14.51,0.00199048034846783
14.52,-0.00298581924289465
14.53,0.00199048034846783
14.54,-0.00298581924289465
14.55,-0.00298581924289465
14.56,-0.00298581924289465
14.57,0.0069667799398303
14.58,-0.00298581924289465
14.59,-0.00796211883425713
14.6,0.0169193791225553
14.61,0.0069667799398303
14.62,-0.00298581924289465
14.63,0.0169193791225553
14.64,-0.00298581924289465
14.65,-0.00298581924289465
14.66,-0.00796211883425713
14.67,0.00199048034846783
14.68,0.00199048034846783
14.69,-0.00298581924289465
14.7,-0.00796211883425713
14.71,0.00199048034846783
14.72,-0.00298581924289465
14.73,-0.00298581924289465
14.74,-0.00298581924289465
14.75,-0.00298581924289465
14.76,-0.00298581924289465
14.77,-0.00298581924289465
14.78,-0.00298581924289465
14.79,-0.00298581924289465
14.8,0.00199048034846783
14.81,-0.00298581924289465
14.82,-0.00298581924289465
14.83,0.00199048034846783
14.84,-0.00298581924289465
14.85,-0.00298581924289465
14.86,-0.00298581924289465
14.87,0.00199048034846783
14.88,-0.00298581924289465
14.89,-0.00298581924289465
14.9,0.00199048034846783
14.91,-0.00298581924289465
14.92,-0.00298581924289465
14.93,0.00199048034846783
14.94,0.00199048034846783
14.95,0.00199048034846783
14.96,-0.00298581924289465
14.97,-0.00298581924289465
14.98,0.00199048034846783
14.99,-0.00298581924289465
15,0.00199048034846783
15.01,0.00199048034846783
15.02,-0.00298581924289465
15.03,0.00199048034846783
15.04,-0.00298581924289465
15.05,-0.00298581924289465
15.06,0.00199048034846783
15.07,-0.00298581924289465
15.08,-0.00298581924289465
15.09,0.00199048034846783
15.1,-0.00298581924289465
15.11,0.00199048034846783
15.12,-0.00796211883425713
15.13,0.0069667799398303
15.14,-0.00298581924289465
15.15,-0.00298581924289465
15.16,-0.00796211883425713
15.17,-0.00298581924289465
15.18,0.00199048034846783
15.19,-0.00298581924289465
15.2,0.00199048034846783
15.21,0.00199048034846783
15.22,0.00199048034846783
15.23,0.00199048034846783
15.24,-0.00298581924289465
15.25,-0.00298581924289465
15.26,-0.00298581924289465
15.27,0.00199048034846783
15.28,0.00199048034846783
15.29,-0.00298581924289465
15.3,-0.00796211883425713
15.31,-0.00298581924289465
15.32,0.00199048034846783
15.33,0.0069667799398303
15.34,-0.00298581924289465
15.35,-0.00298581924289465
15.36,-0.00298581924289465
15.37,-0.00298581924289465
15.38,0.00199048034846783
15.39,0.00199048034846783
15.4,-0.00298581924289465
15.41,-0.00298581924289465
15.42,-0.00298581924289465
15.43,-0.00298581924289465
15.44,-0.00298581924289465
15.45,-0.00298581924289465
15.46,-0.00298581924289465
15.47,-0.00298581924289465
15.48,-0.00298581924289465
15.49,-0.00298581924289465
15.5,0.00199048034846783
15.51,0.00199048034846783
15.52,-0.00298581924289465
15.53,-0.00796211883425713
15.54,-0.00796211883425713
15.55,0.00199048034846783
15.56,-0.00298581924289465
15.57,0.0069667799398303
15.58,-0.00298581924289465
15.59,-0.00298581924289465
15.6,0.0069667799398303
15.61,0.00199048034846783
15.62,0.00199048034846783
15.63,-0.00298581924289465
15.64,0.00199048034846783
15.65,0.00199048034846783
15.66,-0.00298581924289465
15.67,-0.00298581924289465
15.68,-0.00796211883425713
15.69,-0.00298581924289465
15.7,-0.00796211883425713
15.71,0.00199048034846783
15.72,-0.00796211883425713
15.73,0.00199048034846783
15.74,-0.00298581924289465
15.75,-0.00298581924289465
15.76,0.00199048034846783
15.77,0.0119430795311928
15.78,-0.0129384184256196
15.79,-0.0179147180169821
15.8,0.00199048034846783
15.81,0.00199048034846783
15.82,-0.00298581924289465
15.83,-0.00298581924289465
15.84,0.0169193791225553
15.85,-0.00298581924289465
15.86,-0.0477725155651569
15.87,-0.0179147180169821
15.88,0.0169193791225553
15.89,0.0268719783052802
15.9,0.00199048034846783
15.91,-0.0228910176083446
15.92,-0.037819916382432
15.93,-0.0328436167910695
15.94,-0.0527488151565194
15.95,-0.0577251147478819
15.96,-0.0627014143392444
15.97,-0.0776303131133318
15.98,-0.0726540135219693
15.99,-0.037819916382432
16,-0.00796211883425713
16.01,0.0119430795311928
16.02,0.0069667799398303
16.03,-0.00796211883425713
16.04,-0.0129384184256196
16.05,0.00199048034846783
16.06,0.00199048034846783
16.07,0.00199048034846783
16.08,-0.00298581924289465
16.09,0.00199048034846783
16.1,-0.00796211883425713
16.11,-0.00298581924289465
16.12,0.00199048034846783
16.13,0.00199048034846783
16.14,0.00199048034846783
16.15,0.00199048034846783
16.16,-0.00298581924289465
16.17,0.00199048034846783
16.18,-0.00298581924289465
16.19,-0.00298581924289465
16.2,0.00199048034846783
16.21,0.00199048034846783
16.22,0.00199048034846783
16.23,0.00199048034846783
16.24,-0.00298581924289465
16.25,-0.00298581924289465
16.26,0.00199048034846783
16.27,0.00199048034846783
16.28,-0.00298581924289465
16.29,0.00199048034846783
16.3,-0.00298581924289465
16.31,-0.00298581924289465
16.32,0.0069667799398303
16.33,0.00199048034846783
16.34,-0.00298581924289465
16.35,-0.00298581924289465
16.36,-0.00298581924289465
16.37,-0.00298581924289465
16.38,0.00199048034846783
16.39,0.00199048034846783
16.4,-0.00298581924289465
16.41,-0.00298581924289465
16.42,0.00199048034846783
16.43,0.00199048034846783
16.44,-0.00796211883425713
16.45,0.00199048034846783
16.46,-0.00298581924289465
16.47,-0.00298581924289465
16.48,-0.00298581924289465
16.49,0.00199048034846783
16.5,-0.00796211883425713
16.51,-0.00298581924289465
16.52,0.00199048034846783
16.53,-0.00298581924289465
16.54,0.00199048034846783
16.55,0.00199048034846783
16.56,0.00199048034846783
16.57,-0.00298581924289465
16.58,0.00199048034846783
16.59,-0.00796211883425713
16.6,-0.00298581924289465
16.61,-0.00298581924289465
16.62,-0.00298581924289465
16.63,-0.00298581924289465
16.64,0.00199048034846783
16.65,0.00199048034846783
16.66,0.00199048034846783
16.67,-0.00298581924289465
16.68,0.00199048034846783
16.69,0.00199048034846783
16.7,-0.00298581924289465
16.71,0.00199048034846783
16.72,0.00199048034846783
16.73,0.00199048034846783
16.74,-0.00298581924289465
16.75,-0.00298581924289465
16.76,-0.00796211883425713
16.77,0.00199048034846783
16.78,-0.00298581924289465
16.79,0.00199048034846783
16.8,-0.00298581924289465
16.81,-0.00298581924289465
16.82,0.00199048034846783
16.83,-0.00298581924289465
16.84,-0.00298581924289465
16.85,-0.00298581924289465
16.86,-0.00298581924289465
16.87,-0.00298581924289465
16.88,0.0069667799398303
16.89,-0.0129384184256196
16.9,-0.00298581924289465
16.91,0.00199048034846783
16.92,0.00199048034846783
16.93,0.00199048034846783
16.94,-0.00298581924289465
16.95,-0.00298581924289465
16.96,0.00199048034846783
16.97,-0.00298581924289465
16.98,0.00199048034846783
16.99,-0.00298581924289465
17,-0.00298581924289465
17.01,-0.00298581924289465
17.02,-0.00796211883425713
17.03,0.00199048034846783
17.04,0.00199048034846783
17.05,0.00199048034846783
17.06,0.00199048034846783
17.07,0.00199048034846783
17.08,-0.00298581924289465
17.09,0.00199048034846783
17.1,-0.00298581924289465
17.11,0.00199048034846783
17.12,-0.00298581924289465
17.13,0.00199048034846783
17.14,0.00199048034846783
17.15,-0.00298581924289465
17.16,-0.00298581924289465
17.17,0.00199048034846783
17.18,-0.00298581924289465
17.19,-0.00298581924289465
17.2,-0.00298581924289465
17.21,0.00199048034846783
17.22,0.00199048034846783
17.23,-0.00298581924289465
17.24,0.00199048034846783
17.25,0.00199048034846783
17.26,-0.00298581924289465
17.27,-0.00298581924289465
17.28,-0.00298581924289465
17.29,0.00199048034846783
17.3,0.00199048034846783
17.31,0.00199048034846783
17.32,-0.00298581924289465
17.33,-0.00298581924289465
17.34,-0.00298581924289465
17.35,-0.00298581924289465
17.36,-0.00298581924289465
17.37,-0.00298581924289465
17.38,-0.00298581924289465
17.39,0.00199048034846783
17.4,-0.00298581924289465
17.41,-0.00298581924289465
17.42,0.00199048034846783
17.43,0.00199048034846783
17.44,-0.00298581924289465
17.45,0.00199048034846783
17.46,-0.00298581924289465
17.47,0.00199048034846783
17.48,-0.00298581924289465
17.49,0.00199048034846783
17.5,-0.00796211883425713
17.51,0.00199048034846783
17.52,0.00199048034846783
17.53,-0.00298581924289465
17.54,0.00199048034846783
17.55,0.00199048034846783
17.56,0.00199048034846783
17.57,0.00199048034846783
17.58,0.00199048034846783
17.59,0.00199048034846783
17.6,0.00199048034846783
17.61,-0.00796211883425713
17.62,-0.00298581924289465
17.63,0.00199048034846783
17.64,-0.00298581924289465
17.65,0.00199048034846783
17.66,0.00199048034846783
17.67,0.00199048034846783
17.68,-0.00298581924289465
17.69,-0.00298581924289465
17.7,-0.00298581924289465
17.71,-0.00298581924289465
17.72,0.00199048034846783
17.73,0.00199048034846783
17.74,-0.00298581924289465
17.75,0.00199048034846783
17.76,-0.00298581924289465
17.77,0.00199048034846783
17.78,-0.00298581924289465
17.79,-0.00298581924289465
17.8,0.00199048034846783
17.81,-0.00298581924289465
17.82,0.00199048034846783
17.83,-0.00298581924289465
17.84,0.0069667799398303
17.85,-0.00298581924289465
17.86,0.00199048034846783
17.87,-0.00298581924289465
17.88,0.00199048034846783
17.89,0.00199048034846783
17.9,-0.00298581924289465
17.91,-0.00298581924289465
17.92,0.00199048034846783
17.93,-0.00298581924289465
17.94,0.00199048034846783
17.95,-0.00298581924289465
17.96,-0.00298581924289465
17.97,0.00199048034846783
17.98,-0.00298581924289465
17.99,-0.00298581924289465
18,-0.00298581924289465
18.01,-0.00298581924289465
18.02,-0.00298581924289465
18.03,-0.00298581924289465
18.04,-0.00298581924289465
18.05,0.00199048034846783
18.06,-0.00298581924289465
18.07,-0.00298581924289465
18.08,-0.00796211883425713
18.09,0.0069667799398303
18.1,0.0069667799398303
18.11,0.00199048034846783
18.12,-0.00298581924289465
18.13,0.00199048034846783
18.14,0.00199048034846783
18.15,0.00199048034846783
18.16,-0.00796211883425713
18.17,-0.00298581924289465
18.18,-0.00298581924289465
18.19,0.00199048034846783
18.2,-0.00298581924289465
18.21,-0.00298581924289465
18.22,-0.00298581924289465
18.23,0.00199048034846783
18.24,-0.00298581924289465
18.25,0.00199048034846783
18.26,0.00199048034846783
18.27,-0.00796211883425713
18.28,-0.00298581924289465
18.29,0.00199048034846783
18.3,0.00199048034846783
18.31,0.00199048034846783
18.32,-0.00298581924289465
18.33,0.00199048034846783
18.34,0.00199048034846783
18.35,0.00199048034846783
18.36,0.00199048034846783
18.37,-0.00298581924289465
18.38,0.00199048034846783
18.39,0.00199048034846783
18.4,0.00199048034846783
18.41,0.00199048034846783
18.42,-0.00298581924289465
18.43,0.0069667799398303
18.44,-0.00298581924289465
18.45,0.00199048034846783
18.46,0.0069667799398303
18.47,-0.00298581924289465
18.48,-0.00298581924289465
18.49,-0.00298581924289465
18.5,-0.00298581924289465
18.51,-0.00298581924289465
18.52,0.0119430795311928
18.53,0.00199048034846783
18.54,0.00199048034846783
18.55,-0.00298581924289465
18.56,0.00199048034846783
18.57,-0.00796211883425713
18.58,0.00199048034846783
18.59,0.00199048034846783
18.6,0.00199048034846783
18.61,-0.00298581924289465
18.62,0.00199048034846783
18.63,0.00199048034846783
18.64,0.00199048034846783
18.65,-0.00298581924289465
18.66,0.00199048034846783
18.67,-0.00298581924289465
18.68,0.00199048034846783
18.69,-0.00298581924289465
18.7,0.00199048034846783
18.71,0.00199048034846783
18.72,-0.00796211883425713
18.73,-0.00298581924289465
18.74,0.00199048034846783
18.75,0.0069667799398303
18.76,0.00199048034846783
18.77,-0.0129384184256196
18.78,0.00199048034846783
18.79,0.00199048034846783
18.8,0.00199048034846783
18.81,0.00199048034846783
18.82,-0.00298581924289465
18.83,-0.00298581924289465
18.84,0.00199048034846783
18.85,0.00199048034846783
18.86,0.00199048034846783
18.87,0.00199048034846783
18.88,-0.00298581924289465
18.89,0.00199048034846783
18.9,-0.00298581924289465
18.91,0.00199048034846783
18.92,0.00199048034846783
18.93,0.00199048034846783
18.94,-0.00796211883425713
18.95,-0.00298581924289465
18.96,-0.00298581924289465
18.97,-0.00298581924289465
18.98,-0.00298581924289465
18.99,-0.00298581924289465
19,-0.00298581924289465
19.01,-0.00298581924289465
19.02,-0.00298581924289465
19.03,0.00199048034846783
19.04,-0.00298581924289465
19.05,0.00199048034846783
19.06,0.00199048034846783
19.07,0.00199048034846783
19.08,-0.00298581924289465
19.09,-0.00298581924289465
19.1,0.00199048034846783
19.11,-0.00298581924289465
19.12,-0.00298581924289465
19.13,-0.00298581924289465
19.14,0.00199048034846783
19.15,-0.00298581924289465
19.16,-0.00298581924289465
19.17,0.00199048034846783
19.18,-0.00298581924289465
19.19,-0.00298581924289465
19.2,-0.00298581924289465
19.21,-0.00298581924289465
19.22,0.00199048034846783
19.23,0.00199048034846783
19.24,0.00199048034846783
19.25,-0.00298581924289465
19.26,-0.00298581924289465
19.27,0.00199048034846783
19.28,-0.00298581924289465
19.29,-0.00298581924289465
19.3,-0.00298581924289465
19.31,-0.00298581924289465
19.32,0.00199048034846783
19.33,0.00199048034846783
19.34,-0.00298581924289465
19.35,-0.00298581924289465
19.36,0.00199048034846783
19.37,-0.00796211883425713
19.38,-0.00298581924289465
19.39,0.00199048034846783
19.4,0.00199048034846783
19.41,-0.00298581924289465
19.42,-0.00298581924289465
19.43,-0.00298581924289465
19.44,0.00199048034846783
19.45,-0.00298581924289465
19.46,-0.00298581924289465
19.47,0.00199048034846783
19.48,0.00199048034846783
19.49,0.00199048034846783
19.5,-0.00298581924289465
19.51,-0.00298581924289465
19.52,-0.00298581924289465
19.53,-0.00298581924289465
19.54,0.00199048034846783
19.55,0.00199048034846783
19.56,0.00199048034846783
19.57,-0.00298581924289465
19.58,0.00199048034846783
19.59,-0.00298581924289465
19.6,-0.00298581924289465
19.61,0.00199048034846783
19.62,0.00199048034846783
19.63,-0.00298581924289465
19.64,0.00199048034846783
19.65,-0.00298581924289465
19.66,-0.00298581924289465
19.67,-0.00298581924289465
19.68,-0.00298581924289465
19.69,-0.00298581924289465
19.7,0.00199048034846783
19.71,0.00199048034846783
19.72,-0.00298581924289465
19.73,0.00199048034846783
19.74,0.00199048034846783
19.75,0.00199048034846783
19.76,-0.00298581924289465
19.77,0.00199048034846783
19.78,0.00199048034846783
19.79,0.00199048034846783
19.8,0.00199048034846783
19.81,-0.00298581924289465
19.82,-0.00298581924289465
19.83,0.00199048034846783
19.84,-0.00298581924289465
19.85,0.00199048034846783
19.86,-0.00796211883425713
19.87,-0.00298581924289465
19.88,-0.00796211883425713
19.89,0.00199048034846783
19.9,0.00199048034846783
19.91,-0.00298581924289465
19.92,0.0069667799398303
19.93,0.00199048034846783
19.94,0.00199048034846783
19.95,0.0119430795311928
19.96,-0.00298581924289465
19.97,0.00199048034846783
19.98,-0.00298581924289465
19.99,-0.00298581924289465
