Temps;EA0
0;-0,39611348696053
0,01;-0,341374191455543
0,02;-0,386160887777805
0,03;-0,386160887777805
0,04;-0,321468993090093
0,05;-0,391137187369168
0,06;-0,346350491046906
0,07;-0,381184588186443
0,08;-0,386160887777805
0,09;-0,321468993090093
0,1;-0,401089786551893
0,11;-0,346350491046906
0,12;-0,37620828859508
0,13;-0,386160887777805
0,14;-0,306540094316006
0,15;-0,401089786551893
0,16;-0,346350491046906
0,17;-0,386160887777805
0,18;-0,386160887777805
0,19;-0,316492693498731
0,2;-0,401089786551893
0,21;-0,346350491046906
0,22;-0,37620828859508
0,23;-0,381184588186443
0,24;-0,336397891864181
0,25;-0,39611348696053
0,26;-0,336397891864181
0,27;-0,401089786551893
0,28;-0,371231989003718
0,29;-0,351326790638268
0,3;-0,39611348696053
0,31;-0,331421592272818
0,32;-0,406066086143255
0,33;-0,371231989003718
0,34;-0,341374191455543
0,35;-0,39611348696053
0,36;-0,316492693498731
0,37;-0,401089786551893
0,38;-0,366255689412355
0,39;-0,371231989003718
0,4;-0,391137187369168
0,41;-0,326445292681456
0,42;-0,406066086143255
0,43;-0,346350491046906
0,44;-0,381184588186443
0,45;-0,386160887777805
0,46;-0,321468993090093
0,47;-0,39611348696053
0,48;-0,341374191455543
0,49;-0,39611348696053
0,5;-0,366255689412355
0,51;-0,35630309022963
0,52;-0,39611348696053
0,53;-0,316492693498731
0,54;-0,401089786551893
0,55;-0,366255689412355
0,56;-0,366255689412355
0,57;-0,411042385734618
0,58;-0,291611195541918
0,59;-0,406066086143255
0,6;-0,361279389820993
0,61;-0,35630309022963
0,62;-0,391137187369168
0,63;-0,336397891864181
0,64;-0,39611348696053
0,65;-0,351326790638268
0,66;-0,366255689412355
0,67;-0,391137187369168
0,68;-0,321468993090093
0,69;-0,401089786551893
0,7;-0,35630309022963
0,71;-0,361279389820993
0,72;-0,401089786551893
0,73;-0,291611195541918
0,74;-0,406066086143255
0,75;-0,366255689412355
0,76;-0,361279389820993
0,77;-0,386160887777805
0,78;-0,311516393907368
0,79;-0,401089786551893
0,8;-0,351326790638268
0,81;-0,366255689412355
0,82;-0,39611348696053
0,83;-0,311516393907368
0,84;-0,406066086143255
0,85;-0,35630309022963
0,86;-0,371231989003718
0,87;-0,39611348696053
0,88;-0,326445292681456
0,89;-0,406066086143255
0,9;-0,336397891864181
0,91;-0,406066086143255
0,92;-0,381184588186443
0,93;-0,35630309022963
0,94;-0,420994984917343
0,95;-0,321468993090093
0,96;-0,41601868532598
0,97;-0,381184588186443
0,98;-0,381184588186443
0,99;-0,411042385734618
1;-0,311516393907368
1,01;-0,411042385734618
1,02;-0,361279389820993
1,03;-0,41601868532598
1,04;-0,386160887777805
1,05;-0,371231989003718
1,06;-0,420994984917343
1,07;-0,326445292681456
1,08;-0,425971284508705
1,09;-0,35630309022963
1,1;-0,420994984917343
1,11;-0,391137187369168
1,12;-0,381184588186443
1,13;-0,41601868532598
1,14;-0,366255689412355
1,15;-0,425971284508705
1,16;-0,346350491046906
1,17;-0,43592388369143
1,18;-0,361279389820993
1,19;-0,43592388369143
1,2;-0,386160887777805
1,21;-0,425971284508705
1,22;-0,411042385734618
1,23;-0,406066086143255
1,24;-0,430947584100068
1,25;-0,39611348696053
1,26;-0,445876482874155
1,27;-0,361279389820993
1,28;-0,45582908205688
1,29;-0,361279389820993
1,3;-0,45582908205688
1,31;-0,336397891864181
1,32;-0,470757980830967
1,33;-0,366255689412355
1,34;-0,47573428042233
1,35;-0,386160887777805
1,36;-0,485686879605055
1,37;-0,39611348696053
1,38;-0,49563947878778
1,39;-0,386160887777805
1,4;-0,505592077970505
1,41;-0,391137187369168
1,42;-0,520520976744592
1,43;-0,41601868532598
1,44;-0,520520976744592
1,45;-0,470757980830967
1,46;-0,51554467715323
1,47;-0,490663179196417
1,48;-0,490663179196417
1,49;-0,55535507388413
1,5;-0,445876482874155
1,51;-0,55535507388413
1,52;-0,505592077970505
1,53;-0,530473575927317
1,54;-0,580236571840942
1,55;-0,401089786551893
1,56;-0,570283972658217
1,57;-0,590189171023667
1,58;-0,465781681239605
1,59;-0,585212871432304
1,6;-0,610094369389117
1,61;-0,450852782465518
1,62;-0,580236571840942
1,63;-0,625023268163204
1,64;-0,560331373475492
1,65;-0,510568377561867
1,66;-0,590189171023667
1,67;-0,625023268163204
1,68;-0,629999567754567
1,69;-0,575260272249579
1,7;-0,550378774292767
1,71;-0,505592077970505
1,72;-0,490663179196417
1,73;-0,500615778379142
1,74;-0,530473575927317
1,75;-0,51554467715323
1,76;-0,460805381648242
1,77;-0,39611348696053
1,78;-0,420994984917343
1,79;-0,386160887777805
1,8;-0,351326790638268
1,81;-0,271705997176468
1,82;-0,366255689412355
1,83;-0,316492693498731
1,84;-0,271705997176468
1,85;-0,246824499219656
1,86;-0,241848199628294
1,87;-0,236871900036931
1,88;-0,226919300854206
1,89;-0,197061503306031
1,9;-0,192085203714669
1,91;-0,162227406166494
1,92;-0,137345908209682
1,93;-0,142322207801044
1,94;-0,107488110661507
1,95;-0,0925592118874192
1,96;-0,0726540135219693
1,97;-0,0676777139306068
1,98;-0,0477725155651569
1,99;-0,037819916382432
2;-0,0228910176083446
2,01;-0,0179147180169821
2,02;-0,00298581924289465
2,03;-0,00298581924289465
2,04;0,0069667799398303
2,05;0,0119430795311928
2,06;0,0119430795311928
2,07;0,0119430795311928
2,08;0,0069667799398303
2,09;0,0069667799398303
2,1;0,00199048034846783
2,11;0,00199048034846783
2,12;-0,00298581924289465
2,13;-0,00298581924289465
2,14;-0,00298581924289465
2,15;-0,00298581924289465
2,16;-0,00298581924289465
2,17;0,00199048034846783
2,18;0,00199048034846783
2,19;-0,00298581924289465
2,2;0,00199048034846783
2,21;-0,00298581924289465
2,22;-0,00298581924289465
2,23;-0,00298581924289465
2,24;-0,00298581924289465
2,25;0,00199048034846783
2,26;0,00199048034846783
2,27;-0,00796211883425713
2,28;0,00199048034846783
2,29;-0,0129384184256196
2,3;-0,00298581924289465
2,31;0,00199048034846783
2,32;0,0119430795311928
2,33;0,00199048034846783
2,34;-0,00796211883425713
2,35;0,00199048034846783
2,36;-0,00796211883425713
2,37;0,00199048034846783
2,38;-0,00298581924289465
2,39;0,00199048034846783
2,4;-0,00796211883425713
2,41;0,00199048034846783
2,42;-0,00298581924289465
2,43;0,00199048034846783
2,44;0,00199048034846783
2,45;-0,00298581924289465
2,46;-0,00298581924289465
2,47;-0,00298581924289465
2,48;-0,00796211883425713
2,49;-0,00298581924289465
2,5;-0,00298581924289465
2,51;-0,00298581924289465
2,52;-0,00298581924289465
2,53;-0,00298581924289465
2,54;0,00199048034846783
2,55;0,00199048034846783
2,56;-0,0129384184256196
2,57;-0,00298581924289465
2,58;0,00199048034846783
2,59;0,00199048034846783
2,6;0,00199048034846783
2,61;-0,00298581924289465
2,62;-0,00298581924289465
2,63;-0,00796211883425713
2,64;-0,00298581924289465
2,65;0,00199048034846783
2,66;-0,00298581924289465
2,67;-0,00298581924289465
2,68;-0,00298581924289465
2,69;-0,00796211883425713
2,7;-0,00796211883425713
2,71;-0,00298581924289465
2,72;-0,00796211883425713
2,73;-0,00298581924289465
2,74;-0,00298581924289465
2,75;0,00199048034846783
2,76;0,00199048034846783
2,77;0,00199048034846783
2,78;-0,00298581924289465
2,79;-0,00298581924289465
2,8;-0,00298581924289465
2,81;-0,00298581924289465
2,82;-0,00298581924289465
2,83;0,00199048034846783
2,84;0,00199048034846783
2,85;-0,00796211883425713
2,86;-0,00298581924289465
2,87;0,00199048034846783
2,88;0,00199048034846783
2,89;0,00199048034846783
2,9;-0,00298581924289465
2,91;0,00199048034846783
2,92;-0,00796211883425713
2,93;-0,00298581924289465
2,94;0,00199048034846783
2,95;-0,00298581924289465
2,96;-0,00298581924289465
2,97;0,00199048034846783
2,98;-0,00796211883425713
2,99;0,00199048034846783
3;0,00199048034846783
3,01;-0,00298581924289465
3,02;0,00199048034846783
3,03;-0,00298581924289465
3,04;-0,00298581924289465
3,05;-0,0129384184256196
3,06;0,0069667799398303
3,07;-0,00796211883425713
3,08;0,00199048034846783
3,09;-0,00298581924289465
3,1;0,00199048034846783
3,11;-0,00796211883425713
3,12;0,00199048034846783
3,13;0,00199048034846783
3,14;-0,00298581924289465
3,15;0,0069667799398303
3,16;-0,00796211883425713
3,17;0,00199048034846783
3,18;0,00199048034846783
3,19;-0,00796211883425713
3,2;0,0119430795311928
3,21;0,00199048034846783
3,22;-0,0129384184256196
3,23;0,00199048034846783
3,24;0,00199048034846783
3,25;-0,0179147180169821
3,26;0,00199048034846783
3,27;0,0119430795311928
3,28;-0,00796211883425713
3,29;-0,0228910176083446
3,3;0,00199048034846783
3,31;0,0218956787139177
3,32;0,00199048034846783
3,33;-0,0179147180169821
3,34;-0,0228910176083446
3,35;-0,00298581924289465
3,36;0,0169193791225553
3,37;0,0318482778966427
3,38;0,0119430795311928
3,39;-0,0129384184256196
3,4;-0,0328436167910695
3,41;-0,0527488151565194
3,42;-0,0726540135219693
3,43;-0,0676777139306068
3,44;-0,0676777139306068
3,45;-0,037819916382432
3,46;-0,00796211883425713
3,47;0,0069667799398303
3,48;0,00199048034846783
3,49;-0,0328436167910695
3,5;-0,00298581924289465
3,51;0,0069667799398303
3,52;0,0069667799398303
3,53;-0,00298581924289465
3,54;-0,00298581924289465
3,55;0,00199048034846783
3,56;0,0069667799398303
3,57;-0,00298581924289465
3,58;-0,00796211883425713
3,59;-0,00298581924289465
3,6;0,00199048034846783
3,61;0,00199048034846783
3,62;0,0119430795311928
3,63;0,00199048034846783
3,64;-0,00796211883425713
3,65;-0,00298581924289465
3,66;0,00199048034846783
3,67;-0,00298581924289465
3,68;-0,00298581924289465
3,69;-0,00298581924289465
3,7;0,00199048034846783
3,71;-0,00298581924289465
3,72;0,00199048034846783
3,73;0,00199048034846783
3,74;-0,00298581924289465
3,75;-0,00298581924289465
3,76;0,00199048034846783
3,77;-0,00298581924289465
3,78;0,00199048034846783
3,79;0,00199048034846783
3,8;0,00199048034846783
3,81;-0,00298581924289465
3,82;-0,00298581924289465
3,83;-0,00298581924289465
3,84;0,00199048034846783
3,85;-0,00298581924289465
3,86;-0,00298581924289465
3,87;-0,00298581924289465
3,88;0,00199048034846783
3,89;0,00199048034846783
3,9;-0,00796211883425713
3,91;0,00199048034846783
3,92;-0,00298581924289465
3,93;-0,00298581924289465
3,94;-0,00298581924289465
3,95;-0,00298581924289465
3,96;-0,00298581924289465
3,97;0,00199048034846783
3,98;0,00199048034846783
3,99;0,00199048034846783
4;-0,00298581924289465
4,01;-0,00298581924289465
4,02;-0,00298581924289465
4,03;-0,00298581924289465
4,04;0,00199048034846783
4,05;-0,00298581924289465
4,06;0,00199048034846783
4,07;0,0069667799398303
4,08;-0,00298581924289465
4,09;-0,00796211883425713
4,1;-0,00298581924289465
4,11;-0,00298581924289465
4,12;-0,00298581924289465
4,13;-0,00298581924289465
4,14;0,00199048034846783
4,15;-0,00298581924289465
4,16;0,00199048034846783
4,17;-0,00796211883425713
4,18;0,00199048034846783
4,19;-0,00298581924289465
4,2;-0,00298581924289465
4,21;-0,00796211883425713
4,22;0,00199048034846783
4,23;-0,00796211883425713
4,24;0,00199048034846783
4,25;-0,00298581924289465
4,26;-0,00298581924289465
4,27;0,00199048034846783
4,28;0,00199048034846783
4,29;-0,00298581924289465
4,3;0,00199048034846783
4,31;-0,00298581924289465
4,32;0,00199048034846783
4,33;-0,00298581924289465
4,34;0,00199048034846783
4,35;0,00199048034846783
4,36;-0,00298581924289465
4,37;0,00199048034846783
4,38;-0,00796211883425713
4,39;-0,00298581924289465
4,4;0,00199048034846783
4,41;-0,00298581924289465
4,42;-0,00298581924289465
4,43;-0,00796211883425713
4,44;-0,00298581924289465
4,45;0,00199048034846783
4,46;-0,00298581924289465
4,47;0,00199048034846783
4,48;-0,00298581924289465
4,49;-0,00298581924289465
4,5;-0,00298581924289465
4,51;-0,00796211883425713
4,52;-0,00298581924289465
4,53;-0,00298581924289465
4,54;0,00199048034846783
4,55;-0,00298581924289465
4,56;-0,00298581924289465
4,57;-0,00298581924289465
4,58;0,0218956787139177
4,59;0,00199048034846783
4,6;-0,00298581924289465
4,61;0,00199048034846783
4,62;-0,00298581924289465
4,63;-0,00298581924289465
4,64;-0,00796211883425713
4,65;-0,00298581924289465
4,66;0,00199048034846783
4,67;0,00199048034846783
4,68;-0,00298581924289465
4,69;-0,00298581924289465
4,7;-0,00298581924289465
4,71;0,00199048034846783
4,72;0,00199048034846783
4,73;-0,00298581924289465
4,74;-0,00298581924289465
4,75;-0,00298581924289465
4,76;0,00199048034846783
4,77;-0,00796211883425713
4,78;-0,00298581924289465
4,79;-0,00298581924289465
4,8;-0,00796211883425713
4,81;-0,00298581924289465
4,82;0,00199048034846783
4,83;0,00199048034846783
4,84;-0,00298581924289465
4,85;0,00199048034846783
4,86;-0,00298581924289465
4,87;0,00199048034846783
4,88;0,00199048034846783
4,89;0,00199048034846783
4,9;0,00199048034846783
4,91;-0,00298581924289465
4,92;0,00199048034846783
4,93;0,00199048034846783
4,94;-0,00298581924289465
4,95;0,00199048034846783
4,96;-0,00298581924289465
4,97;-0,00298581924289465
4,98;0,00199048034846783
4,99;0,00199048034846783
5;-0,00796211883425713
5,01;-0,00298581924289465
5,02;0,00199048034846783
5,03;-0,00298581924289465
5,04;-0,00298581924289465
5,05;-0,00298581924289465
5,06;-0,00298581924289465
5,07;-0,00298581924289465
5,08;-0,00298581924289465
5,09;-0,00298581924289465
5,1;0,0069667799398303
5,11;0,00199048034846783
5,12;0,00199048034846783
5,13;-0,00298581924289465
5,14;0,00199048034846783
5,15;0,00199048034846783
5,16;-0,00298581924289465
5,17;0,00199048034846783
5,18;0,00199048034846783
5,19;0,00199048034846783
5,2;-0,00298581924289465
5,21;-0,00298581924289465
5,22;0,00199048034846783
5,23;-0,00298581924289465
5,24;-0,00298581924289465
5,25;-0,00298581924289465
5,26;-0,00298581924289465
5,27;0,00199048034846783
5,28;-0,00796211883425713
5,29;-0,00298581924289465
5,3;-0,00298581924289465
5,31;0,00199048034846783
5,32;-0,00298581924289465
5,33;-0,00298581924289465
5,34;0,00199048034846783
5,35;-0,00298581924289465
5,36;0,00199048034846783
5,37;-0,00298581924289465
5,38;-0,00298581924289465
5,39;-0,00298581924289465
5,4;-0,00298581924289465
5,41;-0,00298581924289465
5,42;0,00199048034846783
5,43;0,00199048034846783
5,44;-0,00298581924289465
5,45;-0,00298581924289465
5,46;-0,0129384184256196
5,47;0,00199048034846783
5,48;-0,00298581924289465
5,49;0,00199048034846783
5,5;0,00199048034846783
5,51;-0,00298581924289465
5,52;-0,00298581924289465
5,53;-0,00298581924289465
5,54;-0,00298581924289465
5,55;-0,00298581924289465
5,56;-0,00298581924289465
5,57;0,00199048034846783
5,58;-0,0129384184256196
5,59;0,00199048034846783
5,6;0,00199048034846783
5,61;0,00199048034846783
5,62;-0,00298581924289465
5,63;0,00199048034846783
5,64;0,0069667799398303
5,65;-0,00298581924289465
5,66;0,00199048034846783
5,67;-0,0129384184256196
5,68;0,00199048034846783
5,69;0,00199048034846783
5,7;-0,00298581924289465
5,71;-0,00298581924289465
5,72;0,00199048034846783
5,73;-0,00298581924289465
5,74;-0,00298581924289465
5,75;0,00199048034846783
5,76;-0,00298581924289465
5,77;-0,00298581924289465
5,78;0,0069667799398303
5,79;-0,00796211883425713
5,8;-0,00298581924289465
5,81;-0,00298581924289465
5,82;0,00199048034846783
5,83;-0,00298581924289465
5,84;-0,00298581924289465
5,85;-0,00796211883425713
5,86;-0,00298581924289465
5,87;-0,00298581924289465
5,88;-0,0129384184256196
5,89;-0,00298581924289465
5,9;-0,00298581924289465
5,91;-0,00298581924289465
5,92;-0,00298581924289465
5,93;0,00199048034846783
5,94;-0,00298581924289465
5,95;0,00199048034846783
5,96;0,00199048034846783
5,97;0,00199048034846783
5,98;-0,00298581924289465
5,99;-0,00298581924289465
6;-0,00298581924289465
6,01;-0,00298581924289465
6,02;0,00199048034846783
6,03;-0,00298581924289465
6,04;0,00199048034846783
6,05;0,0069667799398303
6,06;-0,00298581924289465
6,07;-0,00298581924289465
6,08;0,00199048034846783
6,09;-0,00298581924289465
6,1;-0,00298581924289465
6,11;0,00199048034846783
6,12;-0,00298581924289465
6,13;0,0069667799398303
6,14;-0,00298581924289465
6,15;0,00199048034846783
6,16;0,00199048034846783
6,17;0,00199048034846783
6,18;-0,00298581924289465
6,19;-0,00298581924289465
6,2;-0,00796211883425713
6,21;-0,00298581924289465
6,22;-0,00298581924289465
6,23;0,00199048034846783
6,24;0,00199048034846783
6,25;-0,00298581924289465
6,26;0,00199048034846783
6,27;-0,00796211883425713
6,28;-0,00298581924289465
6,29;-0,00298581924289465
6,3;-0,00298581924289465
6,31;-0,00298581924289465
6,32;-0,00298581924289465
6,33;0,00199048034846783
6,34;0,00199048034846783
6,35;-0,00298581924289465
6,36;0,0069667799398303
6,37;-0,00796211883425713
6,38;-0,00298581924289465
6,39;0,00199048034846783
6,4;0,00199048034846783
6,41;-0,00298581924289465
6,42;0,00199048034846783
6,43;-0,00298581924289465
6,44;-0,00298581924289465
6,45;-0,00298581924289465
6,46;0,00199048034846783
6,47;0,00199048034846783
6,48;0,00199048034846783
6,49;0,00199048034846783
6,5;0,00199048034846783
6,51;0,00199048034846783
6,52;-0,00298581924289465
6,53;0,0119430795311928
6,54;0,00199048034846783
6,55;0,00199048034846783
6,56;0,0069667799398303
6,57;-0,00298581924289465
6,58;0,00199048034846783
6,59;0,00199048034846783
6,6;0,00199048034846783
6,61;0,00199048034846783
6,62;0,00199048034846783
6,63;-0,00298581924289465
6,64;0,00199048034846783
6,65;0,00199048034846783
6,66;0,00199048034846783
6,67;-0,00298581924289465
6,68;0,00199048034846783
6,69;-0,00298581924289465
6,7;0,00199048034846783
6,71;-0,00298581924289465
6,72;0,00199048034846783
6,73;0,00199048034846783
6,74;-0,00298581924289465
6,75;-0,00298581924289465
6,76;-0,00298581924289465
6,77;-0,00298581924289465
6,78;-0,00298581924289465
6,79;0,00199048034846783
6,8;-0,00796211883425713
6,81;-0,00298581924289465
6,82;0,00199048034846783
6,83;0,00199048034846783
6,84;0,00199048034846783
6,85;-0,00298581924289465
6,86;0,00199048034846783
6,87;-0,00298581924289465
6,88;0,00199048034846783
6,89;0,00199048034846783
6,9;-0,00298581924289465
6,91;-0,00298581924289465
6,92;-0,00298581924289465
6,93;0,00199048034846783
6,94;-0,00298581924289465
6,95;0,00199048034846783
6,96;0,0069667799398303
6,97;0,00199048034846783
6,98;-0,00796211883425713
6,99;-0,00298581924289465
7;-0,00298581924289465
7,01;-0,00298581924289465
7,02;0,00199048034846783
7,03;-0,00298581924289465
7,04;0,00199048034846783
7,05;-0,00298581924289465
7,06;-0,00796211883425713
7,07;-0,00298581924289465
7,08;-0,00298581924289465
7,09;0,00199048034846783
7,1;0,00199048034846783
7,11;-0,00298581924289465
7,12;-0,00298581924289465
7,13;0,00199048034846783
7,14;-0,00298581924289465
7,15;-0,00298581924289465
7,16;0,00199048034846783
7,17;0,00199048034846783
7,18;0,00199048034846783
7,19;-0,00298581924289465
7,2;-0,00298581924289465
7,21;0,0119430795311928
7,22;0,00199048034846783
7,23;-0,00298581924289465
7,24;0,00199048034846783
7,25;0,00199048034846783
7,26;-0,00298581924289465
7,27;0,00199048034846783
7,28;-0,00298581924289465
7,29;-0,00298581924289465
7,3;-0,00298581924289465
7,31;-0,00298581924289465
7,32;0,00199048034846783
7,33;-0,00298581924289465
7,34;0,00199048034846783
7,35;-0,00298581924289465
7,36;0,00199048034846783
7,37;0,00199048034846783
7,38;0,0119430795311928
7,39;-0,0129384184256196
7,4;-0,00298581924289465
7,41;0,00199048034846783
7,42;-0,00298581924289465
7,43;0,00199048034846783
7,44;-0,00298581924289465
7,45;0,00199048034846783
7,46;-0,00298581924289465
7,47;-0,00298581924289465
7,48;0,00199048034846783
7,49;-0,00298581924289465
7,5;-0,00796211883425713
7,51;-0,00298581924289465
7,52;-0,00298581924289465
7,53;-0,00796211883425713
7,54;-0,00298581924289465
7,55;0,00199048034846783
7,56;0,00199048034846783
7,57;-0,00298581924289465
7,58;0,00199048034846783
7,59;0,00199048034846783
7,6;-0,00796211883425713
7,61;-0,00298581924289465
7,62;-0,00298581924289465
7,63;-0,00298581924289465
7,64;0,00199048034846783
7,65;-0,00298581924289465
7,66;-0,00298581924289465
7,67;0,00199048034846783
7,68;-0,00298581924289465
7,69;-0,00298581924289465
7,7;0,00199048034846783
7,71;0,00199048034846783
7,72;0,00199048034846783
7,73;-0,00298581924289465
7,74;0,00199048034846783
7,75;-0,00796211883425713
7,76;0,00199048034846783
7,77;-0,00298581924289465
7,78;0,00199048034846783
7,79;-0,00298581924289465
7,8;0,00199048034846783
7,81;-0,00298581924289465
7,82;0,00199048034846783
7,83;-0,00298581924289465
7,84;-0,00298581924289465
7,85;-0,00298581924289465
7,86;-0,00796211883425713
7,87;0,0069667799398303
7,88;0,00199048034846783
7,89;-0,00298581924289465
7,9;0,00199048034846783
7,91;0,00199048034846783
7,92;0,00199048034846783
7,93;-0,00796211883425713
7,94;-0,00298581924289465
7,95;-0,00298581924289465
7,96;-0,00298581924289465
7,97;-0,00298581924289465
7,98;-0,00298581924289465
7,99;-0,00298581924289465
8;-0,00298581924289465
8,01;-0,00298581924289465
8,02;0,0069667799398303
8,03;-0,00298581924289465
8,04;0,00199048034846783
8,05;-0,00298581924289465
8,06;-0,00298581924289465
8,07;-0,00298581924289465
8,08;-0,00298581924289465
8,09;-0,00298581924289465
8,1;0,00199048034846783
8,11;-0,00298581924289465
8,12;-0,00298581924289465
8,13;-0,00298581924289465
8,14;-0,00298581924289465
8,15;0,00199048034846783
8,16;0,00199048034846783
8,17;0,00199048034846783
8,18;-0,00298581924289465
8,19;0,00199048034846783
8,2;0,00199048034846783
8,21;-0,00298581924289465
8,22;-0,00298581924289465
8,23;-0,00796211883425713
8,24;0,00199048034846783
8,25;-0,00298581924289465
8,26;-0,00298581924289465
8,27;-0,00298581924289465
8,28;0,00199048034846783
8,29;0,00199048034846783
8,3;0,0069667799398303
8,31;-0,00298581924289465
8,32;0,00199048034846783
8,33;-0,00298581924289465
8,34;-0,00298581924289465
8,35;0,00199048034846783
8,36;-0,00298581924289465
8,37;-0,00298581924289465
8,38;0,00199048034846783
8,39;-0,00298581924289465
8,4;-0,00298581924289465
8,41;-0,00298581924289465
8,42;-0,00298581924289465
8,43;0,00199048034846783
8,44;0,00199048034846783
8,45;0,0069667799398303
8,46;0,00199048034846783
8,47;0,00199048034846783
8,48;-0,0129384184256196
8,49;0,00199048034846783
8,5;-0,00298581924289465
8,51;-0,00298581924289465
8,52;0,00199048034846783
8,53;0,00199048034846783
8,54;0,0069667799398303
8,55;0,0119430795311928
8,56;0,00199048034846783
8,57;-0,00796211883425713
8,58;-0,00298581924289465
8,59;-0,00298581924289465
8,6;-0,00298581924289465
8,61;-0,00298581924289465
8,62;0,00199048034846783
8,63;-0,00796211883425713
8,64;-0,00298581924289465
8,65;-0,00298581924289465
8,66;0,00199048034846783
8,67;0,00199048034846783
8,68;0,00199048034846783
8,69;0,00199048034846783
8,7;-0,00298581924289465
8,71;0,00199048034846783
8,72;-0,00298581924289465
8,73;0,00199048034846783
8,74;0,00199048034846783
8,75;-0,00298581924289465
8,76;-0,00796211883425713
8,77;0,00199048034846783
8,78;-0,00298581924289465
8,79;0,00199048034846783
8,8;-0,00298581924289465
8,81;-0,00796211883425713
8,82;-0,00298581924289465
8,83;0,00199048034846783
8,84;-0,00298581924289465
8,85;0,00199048034846783
8,86;0,00199048034846783
8,87;-0,00298581924289465
8,88;0,00199048034846783
8,89;0,00199048034846783
8,9;-0,00298581924289465
8,91;-0,00298581924289465
8,92;0,00199048034846783
8,93;-0,00298581924289465
8,94;-0,00298581924289465
8,95;-0,00298581924289465
8,96;0,00199048034846783
8,97;-0,00298581924289465
8,98;-0,00796211883425713
8,99;-0,00298581924289465
9;-0,00298581924289465
9,01;0,00199048034846783
9,02;-0,00796211883425713
9,03;0,0119430795311928
9,04;-0,00298581924289465
9,05;-0,00298581924289465
9,06;-0,00298581924289465
9,07;0,00199048034846783
9,08;0,00199048034846783
9,09;-0,00298581924289465
9,1;-0,00298581924289465
9,11;-0,00298581924289465
9,12;-0,00298581924289465
9,13;-0,00796211883425713
9,14;-0,00298581924289465
9,15;-0,00298581924289465
9,16;-0,00298581924289465
9,17;-0,00298581924289465
9,18;0,00199048034846783
9,19;0,00199048034846783
9,2;0,00199048034846783
9,21;0,00199048034846783
9,22;0,00199048034846783
9,23;-0,00298581924289465
9,24;-0,00298581924289465
9,25;-0,00298581924289465
9,26;0,00199048034846783
9,27;-0,00298581924289465
9,28;-0,00298581924289465
9,29;0,00199048034846783
9,3;0,00199048034846783
9,31;-0,00298581924289465
9,32;0,00199048034846783
9,33;-0,00298581924289465
9,34;-0,00298581924289465
9,35;0,0069667799398303
9,36;-0,00298581924289465
9,37;-0,00298581924289465
9,38;0,00199048034846783
9,39;0,0069667799398303
9,4;-0,00298581924289465
9,41;-0,00298581924289465
9,42;0,00199048034846783
9,43;-0,00298581924289465
9,44;0,00199048034846783
9,45;-0,00796211883425713
9,46;0,00199048034846783
9,47;-0,00298581924289465
9,48;0,00199048034846783
9,49;0,00199048034846783
9,5;-0,00796211883425713
9,51;0,00199048034846783
9,52;0,00199048034846783
9,53;-0,00298581924289465
9,54;-0,00298581924289465
9,55;0,0069667799398303
9,56;-0,00298581924289465
9,57;-0,00298581924289465
9,58;-0,00298581924289465
9,59;-0,00298581924289465
9,6;0,00199048034846783
9,61;-0,00298581924289465
9,62;-0,00298581924289465
9,63;0,00199048034846783
9,64;0,00199048034846783
9,65;-0,00298581924289465
9,66;0,00199048034846783
9,67;-0,00298581924289465
9,68;-0,00298581924289465
9,69;-0,00298581924289465
9,7;-0,00796211883425713
9,71;-0,00298581924289465
9,72;0,00199048034846783
9,73;0,0169193791225553
9,74;0,00199048034846783
9,75;0,00199048034846783
9,76;0,00199048034846783
9,77;-0,00298581924289465
9,78;-0,00298581924289465
9,79;0,0069667799398303
9,8;0,00199048034846783
9,81;0,00199048034846783
9,82;-0,00298581924289465
9,83;-0,00298581924289465
9,84;-0,00298581924289465
9,85;-0,00298581924289465
9,86;-0,00298581924289465
9,87;0,00199048034846783
9,88;0,00199048034846783
9,89;0,00199048034846783
9,9;0,00199048034846783
9,91;0,00199048034846783
9,92;0,00199048034846783
9,93;-0,00298581924289465
9,94;-0,00298581924289465
9,95;-0,00298581924289465
9,96;-0,00298581924289465
9,97;0,00199048034846783
9,98;0,00199048034846783
9,99;-0,00298581924289465
10;-0,00298581924289465
10,01;0,00199048034846783
10,02;-0,00298581924289465
10,03;0,00199048034846783
10,04;0,00199048034846783
10,05;-0,00298581924289465
10,06;0,00199048034846783
10,07;0,00199048034846783
10,08;0,00199048034846783
10,09;-0,00298581924289465
10,1;0,00199048034846783
10,11;0,00199048034846783
10,12;-0,00298581924289465
10,13;-0,00298581924289465
10,14;0,00199048034846783
10,15;-0,00298581924289465
10,16;-0,00298581924289465
10,17;-0,00298581924289465
10,18;-0,00298581924289465
10,19;0,00199048034846783
10,2;0,00199048034846783
10,21;0,00199048034846783
10,22;0,00199048034846783
10,23;-0,00298581924289465
10,24;0,00199048034846783
10,25;-0,00298581924289465
10,26;0,00199048034846783
10,27;-0,00298581924289465
10,28;-0,00298581924289465
10,29;-0,00298581924289465
10,3;-0,00796211883425713
10,31;-0,00298581924289465
10,32;0,00199048034846783
10,33;0,00199048034846783
10,34;-0,00298581924289465
10,35;0,00199048034846783
10,36;-0,00298581924289465
10,37;-0,00298581924289465
10,38;0,00199048034846783
10,39;-0,00298581924289465
10,4;-0,00298581924289465
10,41;0,00199048034846783
10,42;-0,00298581924289465
10,43;-0,00298581924289465
10,44;0,00199048034846783
10,45;-0,00298581924289465
10,46;-0,00298581924289465
10,47;0,00199048034846783
10,48;-0,00298581924289465
10,49;0,00199048034846783
10,5;-0,00298581924289465
10,51;-0,00298581924289465
10,52;-0,00298581924289465
10,53;-0,00298581924289465
10,54;-0,00298581924289465
10,55;-0,00298581924289465
10,56;-0,0129384184256196
10,57;-0,00298581924289465
10,58;0,00199048034846783
10,59;-0,00298581924289465
10,6;0,00199048034846783
10,61;-0,00298581924289465
10,62;-0,00298581924289465
10,63;-0,00298581924289465
10,64;-0,00298581924289465
10,65;-0,00298581924289465
10,66;-0,00298581924289465
10,67;-0,00298581924289465
10,68;-0,00298581924289465
10,69;0,0069667799398303
10,7;0,00199048034846783
10,71;-0,00298581924289465
10,72;-0,00298581924289465
10,73;0,00199048034846783
10,74;-0,00298581924289465
10,75;0,0069667799398303
10,76;0,00199048034846783
10,77;-0,00298581924289465
10,78;-0,00298581924289465
10,79;0,00199048034846783
10,8;0,00199048034846783
10,81;-0,00298581924289465
10,82;0,00199048034846783
10,83;0,00199048034846783
10,84;-0,00298581924289465
10,85;0,00199048034846783
10,86;0,00199048034846783
10,87;-0,00298581924289465
10,88;0,00199048034846783
10,89;-0,00298581924289465
10,9;0,00199048034846783
10,91;-0,00298581924289465
10,92;-0,00298581924289465
10,93;0,00199048034846783
10,94;0,00199048034846783
10,95;-0,00298581924289465
10,96;0,00199048034846783
10,97;-0,00298581924289465
10,98;-0,00298581924289465
10,99;-0,00298581924289465
11;-0,00298581924289465
11,01;-0,00298581924289465
11,02;0,00199048034846783
11,03;-0,00298581924289465
11,04;0,00199048034846783
11,05;-0,00298581924289465
11,06;-0,00298581924289465
11,07;-0,00298581924289465
11,08;-0,00298581924289465
11,09;-0,00796211883425713
11,1;-0,00796211883425713
11,11;-0,00298581924289465
11,12;0,0069667799398303
11,13;-0,00298581924289465
11,14;-0,00298581924289465
11,15;0,00199048034846783
11,16;0,00199048034846783
11,17;-0,00298581924289465
11,18;0,00199048034846783
11,19;-0,00298581924289465
11,2;-0,00298581924289465
11,21;0,00199048034846783
11,22;-0,00298581924289465
11,23;-0,00298581924289465
11,24;0,00199048034846783
11,25;-0,0129384184256196
11,26;-0,00298581924289465
11,27;0,00199048034846783
11,28;-0,00298581924289465
11,29;0,00199048034846783
11,3;-0,00298581924289465
11,31;0,0119430795311928
11,32;-0,00298581924289465
11,33;0,00199048034846783
11,34;-0,00298581924289465
11,35;-0,00298581924289465
11,36;-0,00298581924289465
11,37;0,00199048034846783
11,38;0,00199048034846783
11,39;-0,00298581924289465
11,4;0,00199048034846783
11,41;0,00199048034846783
11,42;0,0069667799398303
11,43;-0,00298581924289465
11,44;0,00199048034846783
11,45;0,00199048034846783
11,46;-0,00298581924289465
11,47;0,00199048034846783
11,48;-0,00298581924289465
11,49;-0,00298581924289465
11,5;-0,00298581924289465
11,51;0,00199048034846783
11,52;0,00199048034846783
11,53;-0,00298581924289465
11,54;-0,00298581924289465
11,55;-0,00298581924289465
11,56;-0,00298581924289465
11,57;-0,00298581924289465
11,58;-0,00298581924289465
11,59;-0,00298581924289465
11,6;-0,00298581924289465
11,61;0,00199048034846783
11,62;-0,00298581924289465
11,63;-0,00298581924289465
11,64;0,0069667799398303
11,65;-0,00298581924289465
11,66;-0,00298581924289465
11,67;-0,00298581924289465
11,68;0,00199048034846783
11,69;0,00199048034846783
11,7;0,00199048034846783
11,71;-0,00298581924289465
11,72;-0,00298581924289465
11,73;0,00199048034846783
11,74;-0,0179147180169821
11,75;-0,00298581924289465
11,76;-0,00298581924289465
11,77;-0,00298581924289465
11,78;-0,00298581924289465
11,79;0,00199048034846783
11,8;0,0069667799398303
11,81;-0,00298581924289465
11,82;0,00199048034846783
11,83;0,00199048034846783
11,84;-0,00298581924289465
11,85;-0,00298581924289465
11,86;-0,00298581924289465
11,87;-0,00298581924289465
11,88;-0,00298581924289465
11,89;0,00199048034846783
11,9;0,00199048034846783
11,91;-0,00796211883425713
11,92;-0,00298581924289465
11,93;-0,00298581924289465
11,94;-0,00298581924289465
11,95;0,00199048034846783
11,96;-0,00298581924289465
11,97;0,00199048034846783
11,98;0,00199048034846783
11,99;0,00199048034846783
12;-0,00298581924289465
12,01;0,00199048034846783
12,02;0,00199048034846783
12,03;0,00199048034846783
12,04;-0,00298581924289465
12,05;0,0069667799398303
12,06;-0,0228910176083446
12,07;-0,00298581924289465
12,08;-0,00796211883425713
12,09;-0,00298581924289465
12,1;0,00199048034846783
12,11;-0,00298581924289465
12,12;0,00199048034846783
12,13;0,00199048034846783
12,14;-0,00298581924289465
12,15;-0,00298581924289465
12,16;0,00199048034846783
12,17;-0,00298581924289465
12,18;-0,00298581924289465
12,19;-0,00298581924289465
12,2;-0,00298581924289465
12,21;-0,00298581924289465
12,22;0,00199048034846783
12,23;0,0069667799398303
12,24;-0,00796211883425713
12,25;0,00199048034846783
12,26;0,00199048034846783
12,27;0,00199048034846783
12,28;0,00199048034846783
12,29;0,00199048034846783
12,3;0,00199048034846783
12,31;0,00199048034846783
12,32;-0,00298581924289465
12,33;-0,00298581924289465
12,34;-0,00298581924289465
12,35;0,00199048034846783
12,36;-0,00298581924289465
12,37;0,00199048034846783
12,38;0,00199048034846783
12,39;0,00199048034846783
12,4;-0,00298581924289465
12,41;-0,00298581924289465
12,42;-0,00298581924289465
12,43;0,00199048034846783
12,44;-0,00298581924289465
12,45;-0,00298581924289465
12,46;0,00199048034846783
12,47;0,00199048034846783
12,48;0,00199048034846783
12,49;-0,00298581924289465
12,5;-0,00298581924289465
12,51;-0,00298581924289465
12,52;0,00199048034846783
12,53;-0,00796211883425713
12,54;0,0119430795311928
12,55;-0,00298581924289465
12,56;0,00199048034846783
12,57;-0,00298581924289465
12,58;-0,00298581924289465
12,59;0,00199048034846783
12,6;-0,00298581924289465
12,61;0,0069667799398303
12,62;0,00199048034846783
12,63;0,00199048034846783
12,64;-0,00298581924289465
12,65;-0,00298581924289465
12,66;0,00199048034846783
12,67;-0,00298581924289465
12,68;0,00199048034846783
12,69;0,00199048034846783
12,7;0,00199048034846783
12,71;-0,00796211883425713
12,72;-0,00796211883425713
12,73;0,00199048034846783
12,74;0,0069667799398303
12,75;-0,00298581924289465
12,76;-0,00298581924289465
12,77;-0,00298581924289465
12,78;0,00199048034846783
12,79;0,00199048034846783
12,8;-0,00298581924289465
12,81;0,00199048034846783
12,82;0,0069667799398303
12,83;-0,00298581924289465
12,84;-0,00796211883425713
12,85;0,00199048034846783
12,86;-0,00298581924289465
12,87;-0,00796211883425713
12,88;-0,00796211883425713
12,89;-0,00298581924289465
12,9;-0,00298581924289465
12,91;-0,00796211883425713
12,92;0,00199048034846783
12,93;-0,00298581924289465
12,94;0,00199048034846783
12,95;-0,00298581924289465
12,96;-0,00298581924289465
12,97;0,00199048034846783
12,98;-0,00298581924289465
12,99;0,00199048034846783
13;-0,00298581924289465
13,01;0,00199048034846783
13,02;-0,00298581924289465
13,03;-0,00298581924289465
13,04;0,00199048034846783
13,05;0,00199048034846783
13,06;-0,00298581924289465
13,07;0,00199048034846783
13,08;0,00199048034846783
13,09;-0,00796211883425713
13,1;0,00199048034846783
13,11;-0,00298581924289465
13,12;0,00199048034846783
13,13;-0,00298581924289465
13,14;-0,00298581924289465
13,15;0,00199048034846783
13,16;-0,00298581924289465
13,17;-0,00796211883425713
13,18;0,00199048034846783
13,19;0,00199048034846783
13,2;-0,00298581924289465
13,21;0,00199048034846783
13,22;0,00199048034846783
13,23;-0,00298581924289465
13,24;0,00199048034846783
13,25;0,00199048034846783
13,26;-0,00796211883425713
13,27;0,00199048034846783
13,28;-0,00298581924289465
13,29;-0,00298581924289465
13,3;0,00199048034846783
13,31;0,00199048034846783
13,32;-0,00796211883425713
13,33;-0,00298581924289465
13,34;-0,00298581924289465
13,35;-0,00298581924289465
13,36;-0,00298581924289465
13,37;0,00199048034846783
13,38;-0,00298581924289465
13,39;-0,00298581924289465
13,4;0,00199048034846783
13,41;0,00199048034846783
13,42;-0,00298581924289465
13,43;0,00199048034846783
13,44;-0,00298581924289465
13,45;0,00199048034846783
13,46;-0,00298581924289465
13,47;-0,00298581924289465
13,48;-0,00796211883425713
13,49;-0,00796211883425713
13,5;-0,00298581924289465
13,51;0,00199048034846783
13,52;-0,00298581924289465
13,53;-0,00298581924289465
13,54;0,00199048034846783
13,55;0,00199048034846783
13,56;-0,0129384184256196
13,57;-0,00298581924289465
13,58;0,00199048034846783
13,59;0,00199048034846783
13,6;0,0069667799398303
13,61;-0,00298581924289465
13,62;0,00199048034846783
13,63;0,00199048034846783
13,64;0,00199048034846783
13,65;0,00199048034846783
13,66;-0,00298581924289465
13,67;-0,00298581924289465
13,68;-0,00298581924289465
13,69;0,00199048034846783
13,7;-0,00298581924289465
13,71;-0,00298581924289465
13,72;-0,00298581924289465
13,73;-0,00298581924289465
13,74;-0,00298581924289465
13,75;0,0119430795311928
13,76;0,00199048034846783
13,77;-0,00298581924289465
13,78;-0,00298581924289465
13,79;0,00199048034846783
13,8;-0,00298581924289465
13,81;0,0069667799398303
13,82;0,00199048034846783
13,83;-0,00298581924289465
13,84;-0,00298581924289465
13,85;0,00199048034846783
13,86;-0,00298581924289465
13,87;-0,00298581924289465
13,88;-0,00298581924289465
13,89;-0,00796211883425713
13,9;-0,00298581924289465
13,91;-0,00298581924289465
13,92;-0,00298581924289465
13,93;0,00199048034846783
13,94;-0,00298581924289465
13,95;0,00199048034846783
13,96;-0,00298581924289465
13,97;-0,00298581924289465
13,98;-0,00298581924289465
13,99;0,00199048034846783
14;0,00199048034846783
14,01;0,00199048034846783
14,02;-0,00298581924289465
14,03;0,00199048034846783
14,04;-0,00298581924289465
14,05;-0,00298581924289465
14,06;0,00199048034846783
14,07;-0,00298581924289465
14,08;-0,0129384184256196
14,09;-0,00298581924289465
14,1;-0,00298581924289465
14,11;0,00199048034846783
14,12;0,00199048034846783
14,13;0,00199048034846783
14,14;-0,00298581924289465
14,15;-0,00298581924289465
14,16;-0,00298581924289465
14,17;-0,00298581924289465
14,18;-0,00298581924289465
14,19;0,00199048034846783
14,2;0,00199048034846783
14,21;-0,00298581924289465
14,22;-0,00298581924289465
14,23;0,00199048034846783
14,24;0,00199048034846783
14,25;-0,00796211883425713
14,26;-0,00298581924289465
14,27;-0,00298581924289465
14,28;0,00199048034846783
14,29;-0,00298581924289465
14,3;-0,00298581924289465
14,31;-0,00298581924289465
14,32;-0,00796211883425713
14,33;-0,00298581924289465
14,34;-0,00298581924289465
14,35;0,00199048034846783
14,36;-0,00796211883425713
14,37;-0,00298581924289465
14,38;-0,00298581924289465
14,39;0,00199048034846783
14,4;0,00199048034846783
14,41;-0,00298581924289465
14,42;-0,00298581924289465
14,43;-0,00298581924289465
14,44;-0,00298581924289465
14,45;0,00199048034846783
14,46;-0,00298581924289465
14,47;0,00199048034846783
14,48;0,00199048034846783
14,49;0,00199048034846783
14,5;-0,00298581924289465
14,51;-0,00298581924289465
14,52;-0,00298581924289465
14,53;0,00199048034846783
14,54;-0,00298581924289465
14,55;0,00199048034846783
14,56;-0,00298581924289465
14,57;0,00199048034846783
14,58;-0,00298581924289465
14,59;-0,00298581924289465
14,6;-0,00298581924289465
14,61;0,00199048034846783
14,62;-0,00298581924289465
14,63;-0,00298581924289465
14,64;0,00199048034846783
14,65;0,0119430795311928
14,66;-0,0129384184256196
14,67;-0,00298581924289465
14,68;-0,00298581924289465
14,69;-0,00298581924289465
14,7;0,00199048034846783
14,71;-0,00298581924289465
14,72;-0,00298581924289465
14,73;-0,00298581924289465
14,74;-0,00298581924289465
14,75;0,00199048034846783
14,76;0,00199048034846783
14,77;0,00199048034846783
14,78;-0,00796211883425713
14,79;0,00199048034846783
14,8;-0,0129384184256196
14,81;-0,00298581924289465
14,82;-0,00298581924289465
14,83;-0,00298581924289465
14,84;-0,00298581924289465
14,85;-0,00298581924289465
14,86;-0,00298581924289465
14,87;-0,00796211883425713
14,88;-0,00298581924289465
14,89;-0,00298581924289465
14,9;0,00199048034846783
14,91;0,00199048034846783
14,92;-0,00298581924289465
14,93;-0,00298581924289465
14,94;0,00199048034846783
14,95;0,00199048034846783
14,96;-0,00298581924289465
14,97;0,00199048034846783
14,98;0,00199048034846783
14,99;-0,00298581924289465
15;0,00199048034846783
15,01;-0,00298581924289465
15,02;0,00199048034846783
15,03;0,00199048034846783
15,04;0,00199048034846783
15,05;-0,00298581924289465
15,06;-0,00298581924289465
15,07;-0,00298581924289465
15,08;0,00199048034846783
15,09;-0,00298581924289465
15,1;-0,0179147180169821
15,11;-0,00796211883425713
15,12;0,00199048034846783
15,13;0,00199048034846783
15,14;-0,00298581924289465
15,15;0,00199048034846783
15,16;-0,00298581924289465
15,17;-0,00298581924289465
15,18;-0,00298581924289465
15,19;0,00199048034846783
15,2;-0,00298581924289465
15,21;-0,00298581924289465
15,22;-0,00298581924289465
15,23;0,00199048034846783
15,24;-0,00298581924289465
15,25;-0,00298581924289465
15,26;0,00199048034846783
15,27;0,00199048034846783
15,28;-0,00298581924289465
15,29;0,00199048034846783
15,3;-0,00298581924289465
15,31;-0,00298581924289465
15,32;0,00199048034846783
15,33;0,00199048034846783
15,34;-0,00298581924289465
15,35;0,00199048034846783
15,36;-0,00298581924289465
15,37;-0,00298581924289465
15,38;-0,00298581924289465
15,39;0,00199048034846783
15,4;0,00199048034846783
15,41;-0,00298581924289465
15,42;0,00199048034846783
15,43;-0,00298581924289465
15,44;0,00199048034846783
15,45;-0,00298581924289465
15,46;-0,00298581924289465
15,47;0,00199048034846783
15,48;0,00199048034846783
15,49;-0,00298581924289465
15,5;0,00199048034846783
15,51;0,0069667799398303
15,52;0,0069667799398303
15,53;0,00199048034846783
15,54;0,00199048034846783
15,55;-0,00796211883425713
15,56;-0,00298581924289465
15,57;-0,00298581924289465
15,58;0,0069667799398303
15,59;-0,00298581924289465
15,6;-0,00298581924289465
15,61;0,00199048034846783
15,62;-0,00298581924289465
15,63;0,00199048034846783
15,64;-0,00298581924289465
15,65;0,00199048034846783
15,66;-0,00298581924289465
15,67;-0,00298581924289465
15,68;-0,00298581924289465
15,69;0,00199048034846783
15,7;-0,00298581924289465
15,71;-0,00298581924289465
15,72;0,00199048034846783
15,73;-0,00298581924289465
15,74;0,00199048034846783
15,75;-0,00796211883425713
15,76;-0,00298581924289465
15,77;0,00199048034846783
15,78;-0,00298581924289465
15,79;-0,00298581924289465
15,8;0,00199048034846783
15,81;0,00199048034846783
15,82;-0,00298581924289465
15,83;-0,00298581924289465
15,84;-0,00298581924289465
15,85;-0,00298581924289465
15,86;-0,00298581924289465
15,87;0,00199048034846783
15,88;0,00199048034846783
15,89;-0,00298581924289465
15,9;0,0069667799398303
15,91;0,00199048034846783
15,92;0,00199048034846783
15,93;-0,00298581924289465
15,94;-0,00298581924289465
15,95;0,00199048034846783
15,96;-0,00298581924289465
15,97;-0,00298581924289465
15,98;-0,0129384184256196
15,99;-0,00298581924289465
16;-0,00298581924289465
16,01;0,0119430795311928
16,02;-0,00298581924289465
16,03;-0,00298581924289465
16,04;-0,00298581924289465
16,05;-0,00298581924289465
16,06;-0,00298581924289465
16,07;0,00199048034846783
16,08;-0,00298581924289465
16,09;-0,00298581924289465
16,1;0,00199048034846783
16,11;0,00199048034846783
16,12;0,00199048034846783
16,13;0,00199048034846783
16,14;-0,00298581924289465
16,15;0,00199048034846783
16,16;-0,00298581924289465
16,17;-0,0129384184256196
16,18;0,00199048034846783
16,19;-0,00796211883425713
16,2;-0,00298581924289465
16,21;-0,00298581924289465
16,22;0,0069667799398303
16,23;0,00199048034846783
16,24;-0,00298581924289465
16,25;0,00199048034846783
16,26;-0,00796211883425713
16,27;-0,00796211883425713
16,28;0,00199048034846783
16,29;-0,00298581924289465
16,3;0,00199048034846783
16,31;0,00199048034846783
16,32;-0,00796211883425713
16,33;0,00199048034846783
16,34;-0,00298581924289465
16,35;0,00199048034846783
16,36;-0,00298581924289465
16,37;0,00199048034846783
16,38;0,00199048034846783
16,39;-0,00298581924289465
16,4;0,00199048034846783
16,41;-0,00298581924289465
16,42;-0,00796211883425713
16,43;-0,00298581924289465
16,44;-0,00298581924289465
16,45;0,00199048034846783
16,46;-0,00298581924289465
16,47;0,00199048034846783
16,48;-0,00298581924289465
16,49;-0,00298581924289465
16,5;-0,00298581924289465
16,51;0,0069667799398303
16,52;0,00199048034846783
16,53;0,00199048034846783
16,54;0,00199048034846783
16,55;-0,00796211883425713
16,56;-0,00298581924289465
16,57;0,00199048034846783
16,58;-0,0129384184256196
16,59;-0,00298581924289465
16,6;0,00199048034846783
16,61;-0,00298581924289465
16,62;0,00199048034846783
16,63;0,00199048034846783
16,64;0,0069667799398303
16,65;0,00199048034846783
16,66;-0,00298581924289465
16,67;-0,00298581924289465
16,68;0,00199048034846783
16,69;-0,00298581924289465
16,7;-0,00298581924289465
16,71;0,00199048034846783
16,72;-0,00298581924289465
16,73;0,00199048034846783
16,74;-0,00298581924289465
16,75;-0,00298581924289465
16,76;-0,00298581924289465
16,77;-0,00298581924289465
16,78;-0,00298581924289465
16,79;0,00199048034846783
16,8;0,00199048034846783
16,81;-0,00298581924289465
16,82;-0,00298581924289465
16,83;0,00199048034846783
16,84;-0,00298581924289465
16,85;-0,00298581924289465
16,86;-0,00298581924289465
16,87;0,00199048034846783
16,88;-0,00298581924289465
16,89;-0,00796211883425713
16,9;-0,00298581924289465
16,91;0,00199048034846783
16,92;0,00199048034846783
16,93;-0,00298581924289465
16,94;-0,00298581924289465
16,95;-0,00298581924289465
16,96;-0,00298581924289465
16,97;0,00199048034846783
16,98;0,0169193791225553
16,99;0,00199048034846783
17;-0,00796211883425713
17,01;-0,00298581924289465
17,02;0,00199048034846783
17,03;-0,00298581924289465
17,04;0,00199048034846783
17,05;0,00199048034846783
17,06;0,0069667799398303
17,07;-0,00298581924289465
17,08;0,00199048034846783
17,09;0,0069667799398303
17,1;0,00199048034846783
17,11;-0,00298581924289465
17,12;-0,00298581924289465
17,13;0,00199048034846783
17,14;-0,00298581924289465
17,15;-0,00298581924289465
17,16;-0,00298581924289465
17,17;-0,00298581924289465
17,18;-0,00796211883425713
17,19;0,00199048034846783
17,2;-0,00298581924289465
17,21;-0,00796211883425713
17,22;-0,00298581924289465
17,23;0,00199048034846783
17,24;0,00199048034846783
17,25;0,00199048034846783
17,26;-0,00298581924289465
17,27;-0,00298581924289465
17,28;-0,00298581924289465
17,29;0,00199048034846783
17,3;-0,00298581924289465
17,31;-0,00298581924289465
17,32;-0,00298581924289465
17,33;-0,00298581924289465
17,34;0,00199048034846783
17,35;0,00199048034846783
17,36;-0,00298581924289465
17,37;0,00199048034846783
17,38;-0,00298581924289465
17,39;-0,00298581924289465
17,4;0,00199048034846783
17,41;0,00199048034846783
17,42;0,0069667799398303
17,43;0,00199048034846783
17,44;-0,00298581924289465
17,45;0,00199048034846783
17,46;0,00199048034846783
17,47;-0,00298581924289465
17,48;-0,00298581924289465
17,49;-0,00298581924289465
17,5;-0,00298581924289465
17,51;0,00199048034846783
17,52;0,00199048034846783
17,53;-0,00298581924289465
17,54;0,00199048034846783
17,55;0,00199048034846783
17,56;0,00199048034846783
17,57;-0,00298581924289465
17,58;-0,00298581924289465
17,59;0,00199048034846783
17,6;0,00199048034846783
17,61;0,00199048034846783
17,62;-0,00298581924289465
17,63;0,00199048034846783
17,64;0,00199048034846783
17,65;-0,00298581924289465
17,66;-0,00298581924289465
17,67;-0,00298581924289465
17,68;-0,00298581924289465
17,69;-0,00298581924289465
17,7;-0,00298581924289465
17,71;-0,00298581924289465
17,72;-0,00298581924289465
17,73;0,00199048034846783
17,74;0,00199048034846783
17,75;-0,00796211883425713
17,76;0,00199048034846783
17,77;-0,00298581924289465
17,78;-0,00298581924289465
17,79;0,00199048034846783
17,8;-0,00298581924289465
17,81;-0,00796211883425713
17,82;-0,00298581924289465
17,83;-0,00298581924289465
17,84;-0,00298581924289465
17,85;-0,00298581924289465
17,86;-0,00298581924289465
17,87;0,00199048034846783
17,88;0,00199048034846783
17,89;0,00199048034846783
17,9;0,00199048034846783
17,91;-0,00298581924289465
17,92;-0,00298581924289465
17,93;-0,00796211883425713
17,94;0,00199048034846783
17,95;-0,00298581924289465
17,96;0,00199048034846783
17,97;0,00199048034846783
17,98;0,00199048034846783
17,99;-0,00298581924289465
18;-0,00298581924289465
18,01;-0,00298581924289465
18,02;0,0069667799398303
18,03;-0,00298581924289465
18,04;-0,00298581924289465
18,05;-0,00298581924289465
18,06;-0,0129384184256196
18,07;0,00199048034846783
18,08;-0,00796211883425713
18,09;-0,00298581924289465
18,1;-0,00796211883425713
18,11;-0,00298581924289465
18,12;-0,00298581924289465
18,13;-0,00298581924289465
18,14;0,00199048034846783
18,15;-0,00298581924289465
18,16;-0,00298581924289465
18,17;0,00199048034846783
18,18;-0,00298581924289465
18,19;-0,00796211883425713
18,2;-0,00298581924289465
18,21;-0,00796211883425713
18,22;-0,00298581924289465
18,23;-0,00298581924289465
18,24;-0,00298581924289465
18,25;0,00199048034846783
18,26;-0,00298581924289465
18,27;-0,00298581924289465
18,28;0,00199048034846783
18,29;0,00199048034846783
18,3;-0,00298581924289465
18,31;-0,00298581924289465
18,32;0,00199048034846783
18,33;-0,00298581924289465
18,34;-0,00298581924289465
18,35;-0,00298581924289465
18,36;-0,00298581924289465
18,37;-0,00796211883425713
18,38;-0,00298581924289465
18,39;-0,00298581924289465
18,4;0,00199048034846783
18,41;0,00199048034846783
18,42;-0,00298581924289465
18,43;-0,00298581924289465
18,44;0,00199048034846783
18,45;-0,00298581924289465
18,46;0,00199048034846783
18,47;0,00199048034846783
18,48;0,00199048034846783
18,49;0,00199048034846783
18,5;-0,00298581924289465
18,51;0,0119430795311928
18,52;0,00199048034846783
18,53;0,0069667799398303
18,54;0,00199048034846783
18,55;0,00199048034846783
18,56;0,0069667799398303
18,57;0,0069667799398303
18,58;0,00199048034846783
18,59;0,00199048034846783
18,6;0,00199048034846783
18,61;-0,00796211883425713
18,62;-0,00298581924289465
18,63;-0,00298581924289465
18,64;-0,00298581924289465
18,65;-0,00298581924289465
18,66;-0,00298581924289465
18,67;-0,00298581924289465
18,68;-0,00298581924289465
18,69;-0,00298581924289465
18,7;0,00199048034846783
18,71;-0,00298581924289465
18,72;-0,00298581924289465
18,73;-0,00298581924289465
18,74;-0,00796211883425713
18,75;-0,00298581924289465
18,76;0,00199048034846783
18,77;-0,00298581924289465
18,78;-0,00796211883425713
18,79;0,00199048034846783
18,8;-0,00298581924289465
18,81;-0,0129384184256196
18,82;-0,00298581924289465
18,83;-0,00298581924289465
18,84;0,00199048034846783
18,85;-0,00298581924289465
18,86;-0,00298581924289465
18,87;0,00199048034846783
18,88;0,00199048034846783
18,89;-0,00298581924289465
18,9;0,00199048034846783
18,91;0,00199048034846783
18,92;-0,00298581924289465
18,93;-0,00298581924289465
18,94;-0,00298581924289465
18,95;-0,00796211883425713
18,96;-0,00796211883425713
18,97;0,00199048034846783
18,98;-0,00298581924289465
18,99;0,00199048034846783
19;-0,00298581924289465
19,01;0,00199048034846783
19,02;0,00199048034846783
19,03;-0,00298581924289465
19,04;0,00199048034846783
19,05;0,00199048034846783
19,06;-0,00298581924289465
19,07;0,0069667799398303
19,08;-0,00298581924289465
19,09;-0,0129384184256196
19,1;0,00199048034846783
19,11;0,00199048034846783
19,12;0,0069667799398303
19,13;-0,00298581924289465
19,14;0,00199048034846783
19,15;-0,00298581924289465
19,16;0,00199048034846783
19,17;0,00199048034846783
19,18;-0,00298581924289465
19,19;0,00199048034846783
19,2;-0,00298581924289465
19,21;-0,00298581924289465
19,22;-0,00298581924289465
19,23;0,00199048034846783
19,24;-0,00298581924289465
19,25;-0,00298581924289465
19,26;0,00199048034846783
19,27;-0,00298581924289465
19,28;-0,00298581924289465
19,29;-0,00298581924289465
19,3;-0,00298581924289465
19,31;0,00199048034846783
19,32;-0,00298581924289465
19,33;0,00199048034846783
19,34;0,00199048034846783
19,35;-0,00298581924289465
19,36;0,00199048034846783
19,37;0,00199048034846783
19,38;0,00199048034846783
19,39;-0,00298581924289465
19,4;-0,00298581924289465
19,41;-0,00298581924289465
19,42;0,00199048034846783
19,43;0,00199048034846783
19,44;0,00199048034846783
19,45;0,00199048034846783
19,46;-0,00796211883425713
19,47;-0,00298581924289465
19,48;0,00199048034846783
19,49;-0,00796211883425713
19,5;0,00199048034846783
19,51;-0,00298581924289465
19,52;-0,00298581924289465
19,53;-0,00298581924289465
19,54;-0,00298581924289465
19,55;-0,00298581924289465
19,56;0,00199048034846783
19,57;-0,00298581924289465
19,58;0,00199048034846783
19,59;0,00199048034846783
19,6;0,00199048034846783
19,61;0,00199048034846783
19,62;-0,00298581924289465
19,63;-0,00796211883425713
19,64;0,00199048034846783
19,65;-0,00298581924289465
19,66;0,00199048034846783
19,67;0,00199048034846783
19,68;0,00199048034846783
19,69;-0,00298581924289465
19,7;-0,00298581924289465
19,71;-0,00298581924289465
19,72;0,00199048034846783
19,73;0,00199048034846783
19,74;-0,00298581924289465
19,75;-0,00298581924289465
19,76;-0,00298581924289465
19,77;0,00199048034846783
19,78;-0,00298581924289465
19,79;0,00199048034846783
19,8;-0,00298581924289465
19,81;-0,00298581924289465
19,82;0,00199048034846783
19,83;-0,00298581924289465
19,84;0,00199048034846783
19,85;-0,00298581924289465
19,86;-0,00796211883425713
19,87;0,00199048034846783
19,88;-0,00298581924289465
19,89;0,00199048034846783
19,9;-0,00298581924289465
19,91;0,00199048034846783
19,92;0,00199048034846783
19,93;-0,00298581924289465
19,94;-0,00298581924289465
19,95;-0,00298581924289465
19,96;-0,00298581924289465
19,97;-0,00298581924289465
19,98;-0,00298581924289465
19,99;-0,00298581924289465
