Temps;EA0;Temps;EA1
0;-0.0617398647591472;0;-8.22969738394022
0.02;-0.0617398647591472;0.02;-8.22471602866426
0.04;-0.0766769624315202;0.04;-9.36046503158286
0.06;-0.0567608322016895;0.06;-7.18361277598888
0.08;-0.0716979298740625;0.08;-9.21600572858006
0.1;-0.0617398647591472;0.1;-7.88100251462311
0.12;-0.0716979298740625;0.12;-8.63318716129288
0.14;-0.0716979298740625;0.14;-9.17615488637239
0.16;-0.0567608322016895;0.16;-7.37290427647531
0.18;-0.0716979298740625;0.18;-9.02173287281767
0.2;-0.0667188973166049;0.2;-8.23467873921618
0.22;-0.0667188973166049;0.22;-8.43393295025453
0.24;-0.0716979298740625;0.24;-8.94701254367828
0.26;-0.0617398647591472;0.26;-7.54227035585791
0.28;-0.0716979298740625;0.28;-8.77764646429569
0.3;-0.0716979298740625;0.3;-9.16121082054451
0.32;-0.0617398647591472;0.32;-7.77141269855201
0.34;-0.0716979298740625;0.34;-9.12135997833684
0.36;-0.0617398647591472;0.36;-7.98561097541824
0.38;-0.0667188973166049;0.38;-8.2446414497681
0.4;-0.0716979298740625;0.4;-9.23094979440793
0.42;-0.0567608322016895;0.42;-6.8548433277756
0.44;-0.0716979298740625;0.44;-8.93206847785041
0.46;-0.0667188973166049;0.46;-8.44887701608241
0.48;-0.0617398647591472;0.48;-7.68174830358475
0.5;-0.0716979298740625;0.5;-9.08150913612917
0.52;-0.0617398647591472;0.52;-8.16992112062871
0.54;-0.0716979298740625;0.54;-8.68300071405247
0.56;-0.0716979298740625;0.56;-8.90716170147061
0.58;-0.0567608322016895;0.58;-7.41773647395894
0.6;-0.0716979298740625;0.6;-8.84738543815911
0.62;-0.0716979298740625;0.62;-8.82247866177931
0.64;-0.0617398647591472;0.64;-7.83118896186352
0.66;-0.0766769624315202;0.66;-9.07154642557725
0.68;-0.0667188973166049;0.68;-8.00055504124612
0.7;-0.0667188973166049;0.7;-8.15497705480084
0.72;-0.0716979298740625;0.72;-9.18113624164835
0.74;-0.0617398647591472;0.74;-6.8548433277756
0.76;-0.0716979298740625;0.76;-8.96693796478212
0.78;-0.0667188973166049;0.78;-8.14003298897296
0.8;-0.0617398647591472;0.8;-7.91587200155482
0.82;-0.0667188973166049;0.82;-9.17117353109643
0.84;-0.0667188973166049;0.84;-7.93579742265865
0.86;-0.0716979298740625;0.86;-9.01675151754171
0.88;-0.0716979298740625;0.88;-8.60329902963713
0.9;-0.0667188973166049;0.9;-8.02048046234995
0.92;-0.0766769624315202;0.92;-9.13132268888876
0.94;-0.0617398647591472;0.94;-7.45260596089065
0.96;-0.0716979298740625;0.96;-9.08649049140513
0.98;-0.0667188973166049;0.98;-8.12010756786913
1;-0.0716979298740625;1;-8.62322445074096
1.02;-0.0766769624315202;1.02;-9.33057689992711
1.04;-0.0667188973166049;1.04;-7.87602115934715
1.06;-0.0766769624315202;1.06;-9.06158371502534
1.08;-0.0667188973166049;1.08;-7.80130083020777
1.1;-0.0766769624315202;1.1;-9.00678880698979
1.12;-0.0716979298740625;1.12;-8.23966009449214
1.14;-0.0716979298740625;1.14;-8.54850412160158
1.16;-0.0816559949889779;1.16;-9.16619217582047
1.18;-0.0667188973166049;1.18;-7.76144998800009
1.2;-0.0816559949889779;1.2;-9.22596843913198
1.22;-0.0716979298740625;1.22;-8.02546181762591
1.24;-0.0716979298740625;1.24;-8.3891007527709
1.26;-0.0816559949889779;1.26;-9.17615488637239
1.28;-0.0667188973166049;1.28;-7.00428398605436
1.3;-0.0816559949889779;1.3;-9.05660235974938
1.32;-0.0766769624315202;1.32;-8.08025672566146
1.34;-0.0766769624315202;1.34;-8.14501434424892
1.36;-0.0866350275464356;1.36;-9.23593114968389
1.38;-0.0716979298740625;1.38;-7.83118896186352
1.4;-0.0866350275464356;1.4;-8.90716170147061
1.42;-0.0766769624315202;1.42;-8.23966009449214
1.44;-0.0766769624315202;1.44;-7.87103980407119
1.46;-0.0866350275464356;1.46;-9.11139726778492
1.48;-0.0766769624315202;1.48;-7.86107709351927
1.5;-0.0816559949889779;1.5;-8.62322445074096
1.52;-0.0916140601038933;1.52;-9.1263413336128
1.54;-0.0617398647591472;1.54;-6.73529080115259
1.56;-0.0866350275464356;1.56;-8.80753459595144
1.58;-0.0816559949889779;1.58;-8.10018214676529
1.6;-0.0816559949889779;1.6;-8.16493976535276
1.62;-0.0916140601038933;1.62;-9.19109895220026
1.64;-0.0766769624315202;1.64;-7.69171101413667
1.66;-0.0866350275464356;1.66;-8.83244137233123
1.68;-0.0816559949889779;1.68;-8.29445500252768
1.7;-0.0766769624315202;1.7;-7.94077877793461
1.72;-0.0916140601038933;1.72;-9.1861175969243
1.74;-0.0716979298740625;1.74;-7.69669236941263
1.76;-0.0866350275464356;1.76;-8.86731085926294
1.78;-0.0866350275464356;1.78;-8.54352276632562
1.8;-0.0766769624315202;1.8;-7.83118896186352
1.82;-0.0866350275464356;1.82;-9.07154642557725
1.84;-0.0766769624315202;1.84;-7.95572284376249
1.86;-0.0866350275464356;1.86;-8.90218034619465
1.88;-0.0916140601038933;1.88;-9.06656507030129
1.9;-0.0766769624315202;1.9;-7.88598386989906
1.92;-0.0866350275464356;1.92;-9.00678880698979
1.94;-0.0816559949889779;1.94;-7.86605844879523
1.96;-0.0866350275464356;1.96;-8.73779562208802
1.98;-0.0916140601038933;1.98;-9.11139726778492
2;-0.0816559949889779;2;-7.94077877793461
2.02;-0.096593092661351;2.02;-9.20604301802814
2.04;-0.0816559949889779;2.04;-7.93579742265865
2.06;-0.0866350275464356;2.06;-8.46382108191028
2.08;-0.096593092661351;2.08;-9.16619217582047
2.1;-0.0816559949889779;2.1;-7.74650592217222
2.12;-0.096593092661351;2.12;-9.19608030747622
2.14;-0.0816559949889779;2.14;-7.84613302769139
2.16;-0.096593092661351;2.16;-8.62322445074096
2.18;-0.096593092661351;2.18;-9.16619217582047
2.2;-0.0766769624315202;2.2;-6.97937720967457
2.22;-0.101572125218809;2.22;-9.11139726778492
2.24;-0.0866350275464356;2.24;-7.83617031713948
2.26;-0.0916140601038933;2.26;-8.3891007527709
2.28;-0.101572125218809;2.28;-9.14128539944068
2.3;-0.0816559949889779;2.3;-7.20851955236867
2.32;-0.101572125218809;2.32;-8.97191932005808
2.34;-0.096593092661351;2.34;-8.18486518645659
2.36;-0.096593092661351;2.36;-8.12010756786913
2.38;-0.101572125218809;2.38;-8.84240408288315
2.4;-0.0916140601038933;2.4;-7.83617031713948
2.42;-0.096593092661351;2.42;-8.40902617387474
2.44;-0.101572125218809;2.44;-9.08649049140513
2.46;-0.0916140601038933;2.46;-7.63193475082517
2.48;-0.096593092661351;2.48;-8.19482789700851
2.5;-0.106551157776266;2.5;-9.07154642557725
2.52;-0.0916140601038933;2.52;-7.74650592217222
2.54;-0.096593092661351;2.54;-8.14003298897296
2.56;-0.106551157776266;2.56;-8.89221763564274
2.58;-0.101572125218809;2.58;-7.92085335683078
2.6;-0.101572125218809;2.6;-8.2446414497681
2.62;-0.111530190333724;2.62;-8.94203118840232
2.64;-0.0916140601038933;2.64;-7.80628218548372
2.66;-0.101572125218809;2.66;-8.17988383118063
2.68;-0.116509222891182;2.68;-9.05660235974938
2.7;-0.096593092661351;2.7;-7.5920839086175
2.72;-0.106551157776266;2.72;-8.33430584473535
2.74;-0.116509222891182;2.74;-8.99184474116191
2.76;-0.096593092661351;2.76;-7.64189746137708
2.78;-0.106551157776266;2.78;-8.3891007527709
2.8;-0.121488255448639;2.8;-9.09645320195705
2.82;-0.101572125218809;2.82;-7.76643134327605
2.84;-0.101572125218809;2.84;-8.0752753703855
2.86;-0.116509222891182;2.86;-8.97690067533404
2.88;-0.106551157776266;2.88;-7.84613302769139
2.9;-0.111530190333724;2.9;-8.12508892314509
2.92;-0.116509222891182;2.92;-9.00678880698979
2.94;-0.101572125218809;2.94;-7.75646863272414
2.96;-0.111530190333724;2.96;-8.59831767436117
2.98;-0.121488255448639;2.98;-8.94203118840232
3;-0.096593092661351;3;-7.2533517498523
3.02;-0.121488255448639;3.02;-8.83244137233123
3.04;-0.161320515908301;3.04;-8.28449229197577
3.06;-0.161320515908301;3.06;-7.95074148848653
3.08;-0.171278581023216;3.08;-8.98188203061
3.1;-0.146383418235928;3.1;-7.94576013321057
3.12;-0.14140438567847;3.12;-8.25958551559597
3.14;-0.146383418235928;3.14;-9.09645320195705
3.16;-0.121488255448639;3.16;-7.53728900058195
3.18;-0.14140438567847;3.18;-8.82746001705527
3.2;-0.126467288006097;3.2;-8.44887701608241
3.22;-0.116509222891182;3.22;-7.92085335683078
3.24;-0.136425353121012;3.24;-9.11139726778492
3.26;-0.111530190333724;3.26;-7.44762460561469
3.28;-0.131446320563555;3.28;-9.00180745171383
3.3;-0.121488255448639;3.3;-8.28449229197577
3.32;-0.116509222891182;3.32;-7.80130083020777
3.34;-0.131446320563555;3.34;-8.91712441202253
3.36;-0.121488255448639;3.36;-7.9905923306942
3.38;-0.121488255448639;3.38;-8.25460416032001
3.4;-0.136425353121012;3.4;-9.03667693864554
3.42;-0.116509222891182;3.42;-7.47751273727044
3.44;-0.131446320563555;3.44;-8.67801935877651
3.46;-0.136425353121012;3.46;-8.96693796478212
3.48;-0.096593092661351;3.48;-6.74027215642855
3.5;-0.136425353121012;3.5;-8.73779562208802
3.52;-0.136425353121012;3.52;-8.86232950398698
3.54;-0.111530190333724;3.54;-7.13379922322929
3.56;-0.136425353121012;3.56;-8.77764646429569
3.58;-0.136425353121012;3.58;-8.89221763564274
3.6;-0.101572125218809;3.6;-6.78012299863622
3.62;-0.131446320563555;3.62;-8.67303800350055
3.64;-0.14140438567847;3.64;-8.8722922145389
3.66;-0.116509222891182;3.66;-7.42769918451086
3.68;-0.14140438567847;3.68;-8.8971989909187
3.7;-0.126467288006097;3.7;-7.95074148848653
3.72;-0.116509222891182;3.72;-7.41275511868298
3.74;-0.14140438567847;3.74;-8.97191932005808
3.76;-0.136425353121012;3.76;-8.52857870049775
3.78;-0.121488255448639;3.78;-7.41275511868298
3.8;-0.14140438567847;3.8;-8.73779562208802
3.82;-0.136425353121012;3.82;-8.45385837135836
3.84;-0.121488255448639;3.84;-7.49743815837428
3.86;-0.146383418235928;3.86;-8.78262781957164
3.88;-0.136425353121012;3.88;-8.135051633697
3.9;-0.126467288006097;3.9;-7.69171101413667
3.92;-0.146383418235928;3.92;-8.97690067533404
3.94;-0.126467288006097;3.94;-7.70665507996455
3.96;-0.131446320563555;3.96;-8.07029401510954
3.98;-0.146383418235928;3.98;-8.96195660950616
4;-0.131446320563555;4;-7.72159914579242
4.02;-0.146383418235928;4.02;-8.59333631908521
4.04;-0.151362450793386;4.04;-8.98686338588595
4.06;-0.116509222891182;4.06;-6.9395263674669
4.08;-0.146383418235928;4.08;-8.618243095465
4.1;-0.156341483350843;4.1;-8.97690067533404
4.12;-0.126467288006097;4.12;-7.41275511868298
4.14;-0.156341483350843;4.14;-8.90716170147061
4.16;-0.14140438567847;4.16;-7.92085335683078
4.18;-0.136425353121012;4.18;-7.78137540910393
4.2;-0.161320515908301;4.2;-9.06656507030129
4.22;-0.14140438567847;4.22;-7.91089064627886
4.24;-0.146383418235928;4.24;-8.37913804221898
4.26;-0.156341483350843;4.26;-8.86232950398698
4.28;-0.136425353121012;4.28;-7.37788563175127
4.3;-0.156341483350843;4.3;-8.73779562208802
4.32;-0.161320515908301;4.32;-8.92210576729849
4.34;-0.136425353121012;4.34;-7.51736357947811
4.36;-0.161320515908301;4.36;-8.82247866177931
4.38;-0.146383418235928;4.38;-8.02546181762591
4.4;-0.136425353121012;4.4;-7.53728900058195
4.42;-0.166299548465759;4.42;-8.99184474116191
4.44;-0.146383418235928;4.44;-7.87103980407119
4.46;-0.151362450793386;4.46;-8.14501434424892
4.48;-0.166299548465759;4.48;-8.96195660950616
4.5;-0.14140438567847;4.5;-7.63691610610113
4.52;-0.161320515908301;4.52;-8.62820580601692
4.54;-0.171278581023216;4.54;-8.98686338588595
4.56;-0.161320515908301;4.56;-7.28323988150805
4.58;-0.181236646138132;4.58;-8.55348547687754
4.6;-0.186215678695589;4.6;-8.93704983312637
4.62;-0.14140438567847;4.62;-6.72532809060067
4.64;-0.176257613580674;4.64;-8.40404481859878
4.66;-0.186215678695589;4.66;-8.98686338588595
4.68;-0.156341483350843;4.68;-7.67178559303284
4.7;-0.166299548465759;4.7;-8.29943635780364
4.72;-0.176257613580674;4.72;-8.77764646429569
4.74;-0.151362450793386;4.74;-7.75646863272414
4.76;-0.161320515908301;4.76;-8.11512621259317
4.78;-0.171278581023216;4.78;-8.7876091748476
4.8;-0.156341483350843;4.8;-7.87103980407119
4.82;-0.151362450793386;4.82;-7.60204661916941
4.84;-0.176257613580674;4.84;-8.8125159512274
4.86;-0.161320515908301;4.86;-8.12508892314509
4.88;-0.14140438567847;4.88;-6.91960094636306
4.9;-0.171278581023216;4.9;-8.65311258239672
4.92;-0.171278581023216;4.92;-8.8125159512274
4.94;-0.136425353121012;4.94;-7.01922805188224
4.96;-0.166299548465759;4.96;-8.37913804221898
4.98;-0.176257613580674;4.98;-8.91712441202253
5;-0.151362450793386;5;-7.51238222420216
5.02;-0.161320515908301;5.02;-8.0503685940057
5.04;-0.176257613580674;5.04;-8.83742272760719
5.06;-0.161320515908301;5.06;-7.77639405382797
5.08;-0.156341483350843;5.08;-7.68174830358475
5.1;-0.181236646138132;5.1;-8.82746001705527
5.12;-0.181236646138132;5.12;-8.79757188539952
5.14;-0.131446320563555;5.14;-6.32681966852397
5.16;-0.176257613580674;5.16;-8.57341089798138
5.18;-0.181236646138132;5.18;-8.82247866177931
5.2;-0.151362450793386;5.2;-7.39282969757915
5.22;-0.171278581023216;5.22;-8.25460416032001
5.24;-0.186215678695589;5.24;-8.86232950398698
5.26;-0.161320515908301;5.26;-7.79133811965585
5.28;-0.156341483350843;5.28;-7.53230764530599
5.3;-0.191194711253047;5.3;-8.81749730650336
5.32;-0.161320515908301;5.32;-7.87602115934715
5.34;-0.156341483350843;5.34;-7.44762460561469
5.36;-0.186215678695589;5.36;-8.77266510901973
5.38;-0.181236646138132;5.38;-8.48374650301412
5.4;-0.156341483350843;5.4;-7.18859413126484
5.42;-0.181236646138132;5.42;-8.48374650301412
5.44;-0.191194711253047;5.44;-8.83742272760719
5.46;-0.151362450793386;5.46;-6.94948907801881
5.48;-0.176257613580674;5.48;-8.28947364725173
5.5;-0.191194711253047;5.5;-8.7876091748476
5.52;-0.166299548465759;5.52;-7.62197204027325
5.54;-0.166299548465759;5.54;-7.7365432116203
5.56;-0.191194711253047;5.56;-8.77266510901973
5.58;-0.186215678695589;5.58;-8.53356005577371
5.6;-0.146383418235928;5.6;-6.62570098508149
5.62;-0.186215678695589;5.62;-8.31936177890748
5.64;-0.196173743810505;5.64;-8.7876091748476
5.66;-0.171278581023216;5.66;-7.70665507996455
5.68;-0.161320515908301;5.68;-7.46256867144257
5.7;-0.196173743810505;5.7;-8.59831767436117
5.72;-0.20613180892542;5.72;-8.71787020098418
5.74;-0.181236646138132;5.74;-7.49743815837428
5.76;-0.186215678695589;5.76;-7.651860171929
5.78;-0.20613180892542;5.78;-8.65809393767267
5.8;-0.20613180892542;5.8;-8.6431498718448
5.82;-0.181236646138132;5.82;-7.46755002671853
5.84;-0.191194711253047;5.84;-7.78137540910393
5.86;-0.211110841482878;5.86;-8.66307529294863
5.88;-0.201152776367962;5.88;-8.13007027842104
5.9;-0.176257613580674;5.9;-7.06406024936587
5.92;-0.20613180892542;5.92;-8.15497705480084
5.94;-0.216089874040335;5.94;-8.62820580601692
5.96;-0.191194711253047;5.96;-7.88598386989906
5.98;-0.166299548465759;5.98;-6.41648406349123
6;-0.211110841482878;6;-8.25958551559597
6.02;-0.226047939155251;6.02;-8.70790749043226
6.04;-0.201152776367962;6.04;-7.70665507996455
6.06;-0.196173743810505;6.06;-7.56219577696174
6.08;-0.226047939155251;6.08;-8.53854141104966
6.1;-0.231026971712708;6.1;-8.68300071405247
6.12;-0.191194711253047;6.12;-7.23840768402442
6.14;-0.211110841482878;6.14;-7.90092793572694
6.16;-0.236006004270166;6.16;-8.6431498718448
6.18;-0.231026971712708;6.18;-8.42397023970261
6.2;-0.186215678695589;6.2;-6.64562640618533
6.22;-0.226047939155251;6.22;-8.15497705480084
6.24;-0.245964069385082;6.24;-8.66805664822459
6.26;-0.211110841482878;6.26;-7.44762460561469
6.28;-0.201152776367962;6.28;-7.01922805188224
6.3;-0.245964069385082;6.3;-8.43891430553049
6.32;-0.255922134499997;6.32;-8.71787020098418
6.34;-0.221068906597793;6.34;-7.53230764530599
6.36;-0.231026971712708;6.36;-7.81624489603564
6.38;-0.255922134499997;6.38;-8.65809393767267
6.4;-0.236006004270166;6.4;-7.86605844879523
6.42;-0.216089874040335;6.42;-7.0242094071582
6.44;-0.260901167057455;6.44;-8.0503685940057
6.46;-0.275838264729828;6.46;-8.54850412160158
6.48;-0.171278581023216;6.48;-5.19107066560537
6.5;-0.236006004270166;6.5;-7.1088924468495
6.52;-0.255922134499997;6.52;-7.78635676437989
6.54;-0.27085923217237;6.54;-8.33928720001131
6.56;-0.280817297287285;6.56;-8.65311258239672
6.58;-0.245964069385082;6.58;-7.63691610610113
6.6;-0.216089874040335;6.6;-6.71038402477279
6.62;-0.250943101942539;6.62;-7.89096522517502
6.64;-0.265880199614912;6.64;-8.35921262111515
6.66;-0.27085923217237;6.66;-8.57839225325733
6.68;-0.250943101942539;6.68;-7.85111438296735
6.7;-0.231026971712708;6.7;-7.38286698702723
6.72;-0.226047939155251;6.72;-7.29320259205997
6.74;-0.255922134499997;6.74;-8.08025672566146
6.76;-0.27085923217237;6.76;-8.58337360853329
6.78;-0.265880199614912;6.78;-8.37913804221898
6.8;-0.236006004270166;6.8;-7.58212119806558
6.82;-0.221068906597793;6.82;-6.98435856495053
6.84;-0.245964069385082;6.84;-7.85111438296735
6.86;-0.265880199614912;6.86;-8.61326174018905
6.88;-0.275838264729828;6.88;-8.68798206932843
6.9;-0.240985036827624;6.9;-7.64189746137708
6.92;-0.196173743810505;6.92;-6.26704340521246
6.94;-0.245964069385082;6.94;-7.80130083020777
6.96;-0.260901167057455;6.96;-8.42895159497857
6.98;-0.265880199614912;6.98;-8.5584668321535
7;-0.240985036827624;7;-7.74152456689626
7.02;-0.201152776367962;7.02;-6.40153999766335
7.04;-0.151362450793386;7.04;-4.84237579628825
7.06;-0.265880199614912;7.06;-8.37415668694302
7.08;-0.265880199614912;7.08;-8.50367192411795
7.1;-0.240985036827624;7.1;-7.63193475082517
7.12;-0.201152776367962;7.12;-6.49120439263061
7.14;-0.250943101942539;7.14;-7.98561097541824
7.16;-0.260901167057455;7.16;-8.33430584473535
7.18;-0.265880199614912;7.18;-8.48374650301412
7.2;-0.231026971712708;7.2;-7.34799750009552
7.22;-0.226047939155251;7.22;-7.25833310512826
7.24;-0.260901167057455;7.24;-8.35423126583919
7.26;-0.265880199614912;7.26;-8.60329902963713
7.28;-0.236006004270166;7.28;-7.61699068499729
7.3;-0.196173743810505;7.3;-6.42146541876718
7.32;-0.240985036827624;7.32;-7.77639405382797
7.34;-0.260901167057455;7.34;-8.41898888442665
7.36;-0.260901167057455;7.36;-8.43393295025453
7.38;-0.231026971712708;7.38;-7.47751273727044
7.4;-0.186215678695589;7.4;-6.04786377307028
7.42;-0.236006004270166;7.42;-7.69171101413667
7.44;-0.255922134499997;7.44;-8.34426855528727
7.46;-0.260901167057455;7.46;-8.42895159497857
7.48;-0.236006004270166;7.48;-7.61200932972133
7.5;-0.216089874040335;7.5;-6.97937720967457
7.52;-0.226047939155251;7.52;-7.35796021064743
7.54;-0.250943101942539;7.54;-8.03542452817783
7.56;-0.265880199614912;7.56;-8.42895159497857
7.58;-0.265880199614912;7.58;-8.34426855528727
7.6;-0.240985036827624;7.6;-7.32807207899168
7.62;-0.226047939155251;7.62;-6.96443314384669
7.64;-0.265880199614912;7.64;-7.76144998800009
7.66;-0.275838264729828;7.66;-8.36419397639111
7.68;-0.275838264729828;7.68;-8.43891430553049
7.7;-0.255922134499997;7.7;-7.47253138199449
7.72;-0.216089874040335;7.72;-6.5161111690104
7.74;-0.250943101942539;7.74;-7.51238222420216
7.76;-0.275838264729828;7.76;-8.17988383118063
7.78;-0.275838264729828;7.78;-8.25460416032001
7.8;-0.27085923217237;7.8;-7.93579742265865
7.82;-0.250943101942539;7.82;-7.22844497347251
7.84;-0.240985036827624;7.84;-6.98435856495053
7.86;-0.27085923217237;7.86;-7.89096522517502
7.88;-0.285796329844743;7.88;-8.31936177890748
7.9;-0.295754394959658;7.9;-8.3891007527709
7.92;-0.265880199614912;7.92;-7.52234493475407
7.94;-0.255922134499997;7.94;-7.14874328905717
7.96;-0.255922134499997;7.96;-7.0839856704697
7.98;-0.280817297287285;7.98;-7.7365432116203
8;-0.300733427517116;8;-8.21475331811234
8.02;-0.305712460074574;8.02;-8.135051633697
8.04;-0.300733427517116;8.04;-7.83617031713948
8.06;-0.27085923217237;8.06;-7.19357548654079
8.08;-0.245964069385082;8.08;-6.42146541876718
8.1;-0.290775362402201;8.1;-7.37788563175127
8.12;-0.305712460074574;8.12;-7.66680423775688
8.14;-0.315670525189489;8.14;-7.83617031713948
8.16;-0.305712460074574;8.16;-7.58710255334154
8.18;-0.250943101942539;8.18;-6.08273326000199
8.2;-0.231026971712708;8.2;-5.6941875484772
8.22;-0.196173743810505;8.22;-4.76267411187291
8.24;-0.191194711253047;8.24;-4.49368092697114
8.26;-0.146383418235928;8.26;-3.58707426674664
8.28;-0.126467288006097;8.28;-2.95444214669988
8.3;-0.131446320563555;8.3;-3.11882687080652
8.32;-0.101572125218809;8.32;-2.29690325027332
8.34;-0.0816559949889779;8.34;-1.84858127543703
8.36;-0.0617398647591472;8.36;-1.38531523477286
8.38;-0.0468027670867741;8.38;-1.08643391821533
8.4;-0.0318656694144011;8.4;-0.677962785586715
8.42;-0.016928571742028;8.42;-0.379081469029188
8.44;-0.00697050662711263;8.44;-0.204734034370631
8.46;-0.00199147406965494;8.46;-0.000498468056321144
8.48;0.00298755848780274;8.48;0.0991286374628544
8.5;-0.00199147406965494;8.5;-0.025405244436115
8.52;-0.00199147406965494;8.52;-0.0552933760918677
8.54;-0.00199147406965494;8.54;-0.0403493102639914
8.56;-0.00199147406965494;8.56;-0.0204238891601563
8.58;-0.00199147406965494;8.58;-0.00547982333227992
8.6;0.00298755848780274;8.6;0.0144455977715552
8.62;0.00298755848780274;8.62;0.0244083083234727
8.64;0.00298755848780274;8.64;0.0393523741513491
8.66;0.00298755848780274;8.66;0.0343710188753903
8.68;-0.00199147406965494;8.68;0.00448288721963763
8.7;0.00298755848780274;8.7;0.0144455977715552
8.72;-0.00199147406965494;8.72;-0.025405244436115
8.74;-0.00199147406965494;8.74;-0.0403493102639914
8.76;-0.00199147406965494;8.76;-0.0851815077476203
8.78;0.00298755848780274;8.78;-0.00547982333227992
8.8;-0.00199147406965494;8.8;-0.0154425338841975
8.82;0.00298755848780274;8.82;-0.0104611786082387
8.84;-0.00199147406965494;8.84;-0.0303865997120738
8.86;-0.00199147406965494;8.86;-0.000498468056321144
8.88;-0.00199147406965494;8.88;-0.0602747313678265
8.9;0.00298755848780274;8.9;-0.0353679549880326
8.92;0.00298755848780274;8.92;0.0742218610830605
8.94;0.00298755848780274;8.94;0.0293896635994315
8.96;-0.00697050662711263;8.96;-0.100125573575497
8.98;0.00298755848780274;8.98;0.064259150531143
9;0.00298755848780274;9;0.00448288721963763
9.02;-0.00697050662711263;9.02;-0.0453306655399501
9.04;0.00298755848780274;9.04;0.0792032163590193
9.06;-0.00697050662711263;9.06;-0.0802001524716616
9.08;0.00298755848780274;9.08;0.0891659269109368
9.1;0.00796659104526043;9.1;0.0293896635994315
9.12;-0.016928571742028;9.12;-0.379081469029188
9.14;0.0129456236027181;9.14;0.263513361569494
9.16;0.00298755848780274;9.16;0.00946424249559641
9.18;-0.0268866368569434;9.18;-0.643093298655003
9.2;-0.0468027670867741;9.2;-1.10635933931917
9.22;-0.0418237345293164;9.22;-0.94197461521253
9.24;-0.00697050662711263;9.24;-0.120050994679332
9.26;0.0278827212750912;9.26;0.637115007266402
9.28;0.00796659104526043;9.28;0.19875574298203
9.3;-0.00697050662711263;9.3;-0.154920481611043
9.32;0.00796659104526043;9.32;0.163886256050318
9.34;-0.00199147406965494;9.34;-0.0353679549880326
9.36;-0.00697050662711263;9.36;-0.110088284127414
9.38;0.00298755848780274;9.38;0.109091348014772
9.4;-0.00199147406965494;9.4;-0.0403493102639914
9.42;-0.00199147406965494;9.42;-0.0303865997120738
9.44;0.00298755848780274;9.44;-0.000498468056321144
9.46;0.00298755848780274;9.46;-0.00547982333227992
9.48;-0.00199147406965494;9.48;-0.000498468056321144
9.5;-0.00199147406965494;9.5;-0.000498468056321144
9.52;-0.00199147406965494;9.52;-0.00547982333227992
9.54;-0.00199147406965494;9.54;-0.00547982333227992
9.56;-0.00199147406965494;9.56;-0.000498468056321144
9.58;0.00298755848780274;9.58;-0.00547982333227992
9.6;0.00298755848780274;9.6;-0.00547982333227992
9.62;-0.00199147406965494;9.62;-0.00547982333227992
9.64;-0.00199147406965494;9.64;-0.0104611786082387
9.66;0.00298755848780274;9.66;-0.00547982333227992
9.68;-0.00199147406965494;9.68;-0.000498468056321144
9.7;-0.00199147406965494;9.7;-0.0204238891601563
9.72;0.00298755848780274;9.72;-0.00547982333227992
9.74;-0.00199147406965494;9.74;-0.000498468056321144
9.76;0.00298755848780274;9.76;-0.00547982333227992
9.78;0.00298755848780274;9.78;0.00448288721963763
9.8;-0.00199147406965494;9.8;-0.00547982333227992
9.82;-0.00199147406965494;9.82;-0.000498468056321144
9.84;0.00298755848780274;9.84;-0.000498468056321144
9.86;0.00298755848780274;9.86;-0.00547982333227992
9.88;-0.00199147406965494;9.88;-0.000498468056321144
9.9;-0.00199147406965494;9.9;-0.00547982333227992
9.92;-0.00199147406965494;9.92;-0.00547982333227992
9.94;-0.00199147406965494;9.94;-0.00547982333227992
9.96;0.00298755848780274;9.96;-0.00547982333227992
9.98;-0.00199147406965494;9.98;-0.000498468056321144
10;-0.00199147406965494;10;-0.000498468056321144
10.02;-0.00199147406965494;10.02;-0.000498468056321144
10.04;-0.00199147406965494;10.04;-0.00547982333227992
10.06;0.00298755848780274;10.06;-0.000498468056321144
10.08;0.00298755848780274;10.08;-0.0104611786082387
10.1;-0.00199147406965494;10.1;-0.00547982333227992
10.12;-0.00199147406965494;10.12;-0.000498468056321144
10.14;-0.00199147406965494;10.14;-0.00547982333227992
10.16;0.00298755848780274;10.16;-0.00547982333227992
10.18;0.00298755848780274;10.18;-0.00547982333227992
10.2;-0.00199147406965494;10.2;-0.00547982333227992
10.22;-0.00199147406965494;10.22;-0.00547982333227992
10.24;-0.00199147406965494;10.24;-0.00547982333227992
10.26;-0.00199147406965494;10.26;-0.000498468056321144
10.28;0.00298755848780274;10.28;-0.000498468056321144
10.3;-0.00199147406965494;10.3;-0.000498468056321144
10.32;0.00298755848780274;10.32;-0.000498468056321144
10.34;-0.00199147406965494;10.34;-0.000498468056321144
10.36;-0.00199147406965494;10.36;-0.000498468056321144
10.38;0.00298755848780274;10.38;-0.000498468056321144
10.4;-0.00199147406965494;10.4;-0.000498468056321144
10.42;0.00298755848780274;10.42;-0.00547982333227992
10.44;-0.00199147406965494;10.44;0.00448288721963763
10.46;-0.00199147406965494;10.46;-0.000498468056321144
10.48;-0.00199147406965494;10.48;-0.000498468056321144
10.5;-0.00199147406965494;10.5;-0.000498468056321144
10.52;-0.00199147406965494;10.52;-0.000498468056321144
10.54;0.00298755848780274;10.54;-0.000498468056321144
10.56;-0.00199147406965494;10.56;-0.000498468056321144
10.58;-0.00199147406965494;10.58;-0.00547982333227992
10.6;0.00298755848780274;10.6;-0.00547982333227992
10.62;0.00298755848780274;10.62;-0.000498468056321144
10.64;0.00298755848780274;10.64;-0.000498468056321144
10.66;-0.00199147406965494;10.66;0.0144455977715552
10.68;-0.00199147406965494;10.68;-0.000498468056321144
10.7;-0.00199147406965494;10.7;-0.000498468056321144
10.72;-0.00199147406965494;10.72;-0.000498468056321144
10.74;0.00298755848780274;10.74;-0.00547982333227992
10.76;-0.00199147406965494;10.76;-0.00547982333227992
10.78;0.00298755848780274;10.78;0.00448288721963763
10.8;-0.00199147406965494;10.8;-0.000498468056321144
10.82;-0.00199147406965494;10.82;0.00448288721963763
10.84;-0.00199147406965494;10.84;-0.00547982333227992
10.86;-0.00199147406965494;10.86;-0.0104611786082387
10.88;-0.00199147406965494;10.88;-0.000498468056321144
10.9;-0.00199147406965494;10.9;-0.000498468056321144
10.92;-0.00199147406965494;10.92;0.00448288721963763
10.94;0.00298755848780274;10.94;0.00448288721963763
10.96;0.00298755848780274;10.96;-0.0104611786082387
10.98;-0.00199147406965494;10.98;-0.000498468056321144
11;0.00298755848780274;11;-0.00547982333227992
11.02;-0.00199147406965494;11.02;-0.00547982333227992
11.04;0.00298755848780274;11.04;-0.000498468056321144
11.06;0.00298755848780274;11.06;-0.00547982333227992
11.08;-0.00199147406965494;11.08;-0.00547982333227992
11.1;0.00298755848780274;11.1;-0.000498468056321144
11.12;-0.00199147406965494;11.12;0.00448288721963763
11.14;-0.00199147406965494;11.14;-0.000498468056321144
11.16;-0.00199147406965494;11.16;-0.00547982333227992
11.18;0.00298755848780274;11.18;-0.000498468056321144
11.2;-0.00199147406965494;11.2;-0.000498468056321144
11.22;0.00298755848780274;11.22;-0.000498468056321144
11.24;-0.00199147406965494;11.24;-0.00547982333227992
11.26;-0.00199147406965494;11.26;-0.0104611786082387
11.28;0.00796659104526043;11.28;0.00448288721963763
11.3;0.00298755848780274;11.3;0.00448288721963763
11.32;0.00298755848780274;11.32;0.00448288721963763
11.34;-0.00199147406965494;11.34;0.00448288721963763
11.36;-0.00199147406965494;11.36;-0.00547982333227992
11.38;0.00298755848780274;11.38;0.00946424249559641
11.4;-0.00199147406965494;11.4;-0.0104611786082387
11.42;-0.00199147406965494;11.42;-0.00547982333227992
11.44;-0.00199147406965494;11.44;0.00946424249559641
11.46;0.00298755848780274;11.46;-0.000498468056321144
11.48;0.00298755848780274;11.48;-0.000498468056321144
11.5;-0.00199147406965494;11.5;-0.00547982333227992
11.52;-0.00199147406965494;11.52;-0.00547982333227992
11.54;-0.00199147406965494;11.54;-0.000498468056321144
11.56;-0.00199147406965494;11.56;-0.00547982333227992
11.58;-0.00199147406965494;11.58;-0.00547982333227992
11.6;0.00298755848780274;11.6;-0.000498468056321144
11.62;-0.00199147406965494;11.62;-0.0104611786082387
11.64;-0.00199147406965494;11.64;-0.00547982333227992
11.66;-0.00199147406965494;11.66;-0.000498468056321144
11.68;0.00298755848780274;11.68;-0.000498468056321144
11.7;-0.00199147406965494;11.7;-0.000498468056321144
11.72;0.00298755848780274;11.72;-0.0104611786082387
11.74;-0.00199147406965494;11.74;-0.00547982333227992
11.76;-0.00199147406965494;11.76;0.00448288721963763
11.78;0.00298755848780274;11.78;-0.000498468056321144
11.8;-0.00199147406965494;11.8;-0.000498468056321144
11.82;-0.00199147406965494;11.82;-0.00547982333227992
11.84;-0.00199147406965494;11.84;-0.00547982333227992
11.86;0.00298755848780274;11.86;-0.000498468056321144
11.88;-0.00199147406965494;11.88;0.00448288721963763
11.9;-0.00199147406965494;11.9;0.00448288721963763
11.92;-0.00199147406965494;11.92;-0.000498468056321144
11.94;0.00298755848780274;11.94;-0.00547982333227992
11.96;0.00298755848780274;11.96;-0.00547982333227992
11.98;-0.00199147406965494;11.98;-0.000498468056321144
12;0.00298755848780274;12;0.00448288721963763
12.02;0.00298755848780274;12.02;-0.000498468056321144
12.04;0.00298755848780274;12.04;-0.00547982333227992
12.06;-0.00199147406965494;12.06;-0.000498468056321144
12.08;-0.00199147406965494;12.08;-0.00547982333227992
12.1;-0.00199147406965494;12.1;-0.000498468056321144
12.12;-0.00199147406965494;12.12;-0.000498468056321144
12.14;-0.00199147406965494;12.14;-0.00547982333227992
12.16;-0.00199147406965494;12.16;-0.00547982333227992
12.18;-0.00199147406965494;12.18;0.00448288721963763
12.2;-0.00199147406965494;12.2;0.00448288721963763
12.22;0.00298755848780274;12.22;0.00946424249559641
12.24;-0.00199147406965494;12.24;0.00946424249559641
12.26;-0.00199147406965494;12.26;-0.000498468056321144
12.28;0.00298755848780274;12.28;-0.000498468056321144
12.3;0.00298755848780274;12.3;-0.000498468056321144
12.32;0.00298755848780274;12.32;-0.000498468056321144
12.34;0.00298755848780274;12.34;-0.00547982333227992
12.36;-0.00199147406965494;12.36;-0.000498468056321144
12.38;-0.00199147406965494;12.38;-0.000498468056321144
12.4;-0.00199147406965494;12.4;-0.000498468056321144
12.42;-0.00199147406965494;12.42;-0.00547982333227992
12.44;-0.00199147406965494;12.44;-0.000498468056321144
12.46;0.00298755848780274;12.46;-0.0104611786082387
12.48;0.00298755848780274;12.48;0.00448288721963763
12.5;0.00298755848780274;12.5;-0.000498468056321144
12.52;0.00298755848780274;12.52;-0.000498468056321144
12.54;-0.00697050662711263;12.54;-0.000498468056321144
12.56;-0.00199147406965494;12.56;-0.000498468056321144
12.58;-0.00199147406965494;12.58;0.00448288721963763
12.6;-0.00199147406965494;12.6;-0.000498468056321144
12.62;-0.00199147406965494;12.62;-0.00547982333227992
12.64;-0.00199147406965494;12.64;-0.00547982333227992
12.66;-0.00199147406965494;12.66;-0.00547982333227992
12.68;0.00298755848780274;12.68;-0.0104611786082387
12.7;-0.00199147406965494;12.7;-0.000498468056321144
12.72;-0.00199147406965494;12.72;-0.000498468056321144
12.74;-0.00199147406965494;12.74;-0.0104611786082387
12.76;0.00298755848780274;12.76;0.00448288721963763
12.78;-0.00199147406965494;12.78;-0.000498468056321144
12.8;-0.00199147406965494;12.8;-0.00547982333227992
12.82;0.00298755848780274;12.82;-0.000498468056321144
12.84;-0.00199147406965494;12.84;-0.000498468056321144
12.86;-0.00199147406965494;12.86;-0.0104611786082387
12.88;-0.00199147406965494;12.88;-0.000498468056321144
12.9;-0.00199147406965494;12.9;-0.00547982333227992
12.92;0.00298755848780274;12.92;-0.00547982333227992
12.94;-0.00199147406965494;12.94;-0.00547982333227992
12.96;-0.00199147406965494;12.96;-0.000498468056321144
12.98;-0.00199147406965494;12.98;0.00448288721963763
13;-0.00199147406965494;13;-0.000498468056321144
13.02;-0.00199147406965494;13.02;-0.000498468056321144
13.04;-0.00199147406965494;13.04;-0.000498468056321144
13.06;-0.00199147406965494;13.06;0.00448288721963763
13.08;0.00298755848780274;13.08;-0.0154425338841975
13.1;0.00298755848780274;13.1;0.00448288721963763
13.12;0.00298755848780274;13.12;-0.00547982333227992
13.14;-0.00199147406965494;13.14;-0.0104611786082387
13.16;0.00298755848780274;13.16;0.00448288721963763
13.18;-0.00199147406965494;13.18;-0.000498468056321144
13.2;-0.00199147406965494;13.2;0.00448288721963763
13.22;-0.00199147406965494;13.22;-0.0104611786082387
13.24;-0.00199147406965494;13.24;-0.000498468056321144
13.26;-0.00199147406965494;13.26;-0.00547982333227992
13.28;-0.00199147406965494;13.28;0.00946424249559641
13.3;-0.00199147406965494;13.3;-0.00547982333227992
13.32;0.00298755848780274;13.32;-0.000498468056321144
13.34;-0.00199147406965494;13.34;-0.0104611786082387
13.36;-0.00199147406965494;13.36;-0.000498468056321144
13.38;0.00298755848780274;13.38;-0.00547982333227992
13.4;-0.00199147406965494;13.4;-0.00547982333227992
13.42;0.00298755848780274;13.42;0.00448288721963763
13.44;-0.00199147406965494;13.44;-0.00547982333227992
13.46;0.00298755848780274;13.46;-0.000498468056321144
13.48;-0.00199147406965494;13.48;-0.00547982333227992
13.5;-0.00199147406965494;13.5;-0.00547982333227992
13.52;-0.00199147406965494;13.52;-0.00547982333227992
13.54;-0.00199147406965494;13.54;-0.00547982333227992
13.56;0.00298755848780274;13.56;0.00946424249559641
13.58;-0.00199147406965494;13.58;-0.00547982333227992
13.6;-0.00199147406965494;13.6;0.00946424249559641
13.62;-0.00199147406965494;13.62;0.00448288721963763
13.64;0.00298755848780274;13.64;0.00448288721963763
13.66;0.00298755848780274;13.66;-0.0104611786082387
13.68;0.00298755848780274;13.68;0.00448288721963763
13.7;-0.00199147406965494;13.7;-0.00547982333227992
13.72;0.00796659104526043;13.72;-0.000498468056321144
13.74;0.00298755848780274;13.74;-0.0104611786082387
13.76;-0.00199147406965494;13.76;-0.000498468056321144
13.78;-0.00199147406965494;13.78;-0.000498468056321144
13.8;-0.00199147406965494;13.8;-0.000498468056321144
13.82;-0.00199147406965494;13.82;-0.00547982333227992
13.84;0.00298755848780274;13.84;-0.000498468056321144
13.86;-0.00199147406965494;13.86;0.00448288721963763
13.88;-0.00199147406965494;13.88;-0.000498468056321144
13.9;-0.00199147406965494;13.9;-0.00547982333227992
13.92;0.00298755848780274;13.92;-0.000498468056321144
13.94;-0.00199147406965494;13.94;-0.000498468056321144
13.96;0.00298755848780274;13.96;-0.00547982333227992
13.98;-0.00199147406965494;13.98;-0.000498468056321144
14;-0.00199147406965494;14;-0.000498468056321144
14.02;0.00298755848780274;14.02;-0.000498468056321144
14.04;-0.00199147406965494;14.04;-0.00547982333227992
14.06;0.00796659104526043;14.06;0.00448288721963763
14.08;0.00298755848780274;14.08;-0.000498468056321144
14.1;0.00298755848780274;14.1;-0.00547982333227992
14.12;-0.00199147406965494;14.12;-0.000498468056321144
14.14;-0.00199147406965494;14.14;-0.000498468056321144
14.16;0.00298755848780274;14.16;-0.00547982333227992
14.18;-0.00199147406965494;14.18;0.00448288721963763
14.2;0.00298755848780274;14.2;-0.0104611786082387
14.22;-0.00199147406965494;14.22;0.00448288721963763
14.24;0.00298755848780274;14.24;0.00946424249559641
14.26;-0.00199147406965494;14.26;0.00448288721963763
14.28;-0.00697050662711263;14.28;-0.0154425338841975
14.3;-0.00199147406965494;14.3;0.00448288721963763
14.32;-0.00199147406965494;14.32;0.00448288721963763
14.34;-0.00199147406965494;14.34;-0.00547982333227992
14.36;-0.00199147406965494;14.36;-0.00547982333227992
14.38;0.00298755848780274;14.38;-0.00547982333227992
14.4;-0.00199147406965494;14.4;-0.000498468056321144
14.42;-0.00199147406965494;14.42;-0.000498468056321144
14.44;0.00298755848780274;14.44;0.00448288721963763
14.46;-0.00199147406965494;14.46;-0.000498468056321144
14.48;0.00298755848780274;14.48;-0.000498468056321144
14.5;-0.00199147406965494;14.5;-0.000498468056321144
14.52;-0.00199147406965494;14.52;-0.00547982333227992
14.54;-0.00199147406965494;14.54;-0.00547982333227992
14.56;0.00298755848780274;14.56;0.00448288721963763
14.58;-0.00199147406965494;14.58;0.00448288721963763
14.6;0.00298755848780274;14.6;-0.0104611786082387
14.62;-0.00199147406965494;14.62;-0.00547982333227992
14.64;-0.00199147406965494;14.64;-0.000498468056321144
14.66;-0.00199147406965494;14.66;-0.000498468056321144
14.68;-0.00199147406965494;14.68;0.00946424249559641
14.7;-0.00199147406965494;14.7;-0.00547982333227992
14.72;-0.00199147406965494;14.72;-0.00547982333227992
14.74;-0.00199147406965494;14.74;-0.00547982333227992
14.76;-0.00199147406965494;14.76;-0.000498468056321144
14.78;0.00298755848780274;14.78;-0.000498468056321144
14.8;-0.00199147406965494;14.8;-0.00547982333227992
14.82;-0.00199147406965494;14.82;0.00448288721963763
14.84;0.00298755848780274;14.84;-0.00547982333227992
14.86;-0.00199147406965494;14.86;-0.000498468056321144
14.88;-0.00199147406965494;14.88;0.00448288721963763
14.9;-0.00199147406965494;14.9;-0.0104611786082387
14.92;-0.00199147406965494;14.92;-0.00547982333227992
14.94;-0.00199147406965494;14.94;-0.000498468056321144
14.96;-0.00199147406965494;14.96;0.00448288721963763
14.98;0.00298755848780274;14.98;-0.00547982333227992
15;-0.00199147406965494;15;-0.000498468056321144
15.02;0.00298755848780274;15.02;-0.00547982333227992
15.04;-0.00199147406965494;15.04;-0.000498468056321144
15.06;-0.00199147406965494;15.06;-0.0154425338841975
15.08;-0.00199147406965494;15.08;-0.0104611786082387
15.1;0.00298755848780274;15.1;-0.00547982333227992
15.12;-0.00199147406965494;15.12;0.00448288721963763
15.14;-0.00199147406965494;15.14;-0.000498468056321144
15.16;-0.00199147406965494;15.16;-0.00547982333227992
15.18;-0.00199147406965494;15.18;-0.00547982333227992
15.2;0.00298755848780274;15.2;-0.00547982333227992
15.22;-0.00199147406965494;15.22;-0.000498468056321144
15.24;0.00298755848780274;15.24;-0.00547982333227992
15.26;-0.00199147406965494;15.26;-0.000498468056321144
15.28;-0.00199147406965494;15.28;-0.0104611786082387
15.3;-0.00199147406965494;15.3;-0.000498468056321144
15.32;0.00298755848780274;15.32;0.00448288721963763
15.34;0.00298755848780274;15.34;-0.0154425338841975
15.36;-0.00199147406965494;15.36;-0.0104611786082387
15.38;-0.00199147406965494;15.38;-0.0104611786082387
15.4;-0.00199147406965494;15.4;-0.0104611786082387
15.42;-0.00199147406965494;15.42;-0.00547982333227992
15.44;-0.00199147406965494;15.44;0.00946424249559641
15.46;-0.00199147406965494;15.46;-0.0104611786082387
15.48;-0.00199147406965494;15.48;-0.00547982333227992
15.5;0.00298755848780274;15.5;-0.000498468056321144
15.52;-0.00199147406965494;15.52;0.00448288721963763
15.54;0.00298755848780274;15.54;-0.00547982333227992
15.56;0.00298755848780274;15.56;-0.00547982333227992
15.58;-0.00199147406965494;15.58;-0.00547982333227992
15.6;-0.00199147406965494;15.6;-0.00547982333227992
15.62;-0.00199147406965494;15.62;-0.000498468056321144
15.64;-0.00199147406965494;15.64;-0.000498468056321144
15.66;0.00298755848780274;15.66;-0.00547982333227992
15.68;0.00298755848780274;15.68;-0.000498468056321144
15.7;-0.00199147406965494;15.7;-0.000498468056321144
15.72;0.00298755848780274;15.72;-0.00547982333227992
15.74;-0.00199147406965494;15.74;-0.00547982333227992
15.76;-0.00199147406965494;15.76;-0.000498468056321144
15.78;0.00298755848780274;15.78;-0.000498468056321144
15.8;0.00298755848780274;15.8;-0.0104611786082387
15.82;-0.00199147406965494;15.82;-0.00547982333227992
15.84;0.00298755848780274;15.84;-0.000498468056321144
15.86;-0.00199147406965494;15.86;0.00946424249559641
15.88;-0.00697050662711263;15.88;0.00946424249559641
15.9;-0.00199147406965494;15.9;-0.00547982333227992
15.92;-0.00199147406965494;15.92;-0.0104611786082387
15.94;-0.00199147406965494;15.94;-0.0104611786082387
15.96;0.00298755848780274;15.96;-0.000498468056321144
15.98;0.00298755848780274;15.98;0.00448288721963763
16;-0.00199147406965494;16;-0.0204238891601563
16.02;0.00298755848780274;16.02;0.00448288721963763
16.04;-0.00199147406965494;16.04;-0.000498468056321144
16.06;-0.00199147406965494;16.06;-0.00547982333227992
16.08;-0.00199147406965494;16.08;-0.00547982333227992
16.1;0.00298755848780274;16.1;0.00448288721963763
16.12;-0.00199147406965494;16.12;-0.000498468056321144
16.14;-0.00199147406965494;16.14;-0.00547982333227992
16.16;0.00298755848780274;16.16;-0.000498468056321144
16.18;-0.00199147406965494;16.18;-0.000498468056321144
16.2;-0.00199147406965494;16.2;-0.000498468056321144
16.22;-0.00199147406965494;16.22;-0.00547982333227992
16.24;-0.00199147406965494;16.24;-0.0154425338841975
16.26;-0.00199147406965494;16.26;-0.0104611786082387
16.28;-0.00199147406965494;16.28;-0.000498468056321144
16.3;0.00298755848780274;16.3;-0.0104611786082387
16.32;-0.00199147406965494;16.32;-0.000498468056321144
16.34;-0.00199147406965494;16.34;-0.0104611786082387
16.36;-0.00199147406965494;16.36;-0.00547982333227992
16.38;0.00298755848780274;16.38;-0.000498468056321144
16.4;-0.00199147406965494;16.4;-0.000498468056321144
16.42;-0.00199147406965494;16.42;-0.00547982333227992
16.44;-0.00199147406965494;16.44;-0.000498468056321144
16.46;0.00298755848780274;16.46;0.00448288721963763
16.48;-0.00199147406965494;16.48;-0.000498468056321144
16.5;0.00298755848780274;16.5;-0.000498468056321144
16.52;0.00298755848780274;16.52;-0.0154425338841975
16.54;0.00298755848780274;16.54;0.00448288721963763
16.56;-0.00199147406965494;16.56;-0.00547982333227992
16.58;-0.00199147406965494;16.58;-0.000498468056321144
16.6;-0.00199147406965494;16.6;-0.0104611786082387
16.62;-0.00199147406965494;16.62;-0.000498468056321144
16.64;0.00298755848780274;16.64;-0.000498468056321144
16.66;-0.00199147406965494;16.66;-0.000498468056321144
16.68;-0.00199147406965494;16.68;0.00448288721963763
16.7;-0.00199147406965494;16.7;-0.000498468056321144
16.72;-0.00199147406965494;16.72;-0.000498468056321144
16.74;0.00298755848780274;16.74;-0.00547982333227992
16.76;-0.00199147406965494;16.76;-0.000498468056321144
16.78;-0.00199147406965494;16.78;-0.0104611786082387
16.8;-0.00199147406965494;16.8;-0.0104611786082387
16.82;0.00298755848780274;16.82;0.00448288721963763
16.84;-0.00199147406965494;16.84;0.00448288721963763
16.86;0.00298755848780274;16.86;-0.00547982333227992
16.88;0.00298755848780274;16.88;0.00448288721963763
16.9;-0.00199147406965494;16.9;-0.000498468056321144
16.92;-0.00199147406965494;16.92;0.00448288721963763
16.94;-0.00199147406965494;16.94;-0.00547982333227992
16.96;-0.00199147406965494;16.96;0.00448288721963763
16.98;0.00298755848780274;16.98;-0.000498468056321144
17;0.00298755848780274;17;-0.000498468056321144
17.02;0.00298755848780274;17.02;-0.00547982333227992
17.04;0.00298755848780274;17.04;0.00448288721963763
17.06;-0.00199147406965494;17.06;-0.000498468056321144
17.08;-0.00199147406965494;17.08;-0.000498468056321144
17.1;-0.00199147406965494;17.1;-0.000498468056321144
17.12;-0.00199147406965494;17.12;0.00448288721963763
17.14;0.00298755848780274;17.14;-0.0104611786082387
17.16;-0.00199147406965494;17.16;-0.00547982333227992
17.18;-0.00199147406965494;17.18;-0.000498468056321144
17.2;-0.00199147406965494;17.2;-0.00547982333227992
17.22;0.00298755848780274;17.22;-0.0104611786082387
17.24;0.00298755848780274;17.24;-0.00547982333227992
17.26;0.00298755848780274;17.26;0.00946424249559641
17.28;-0.00199147406965494;17.28;-0.00547982333227992
17.3;-0.00199147406965494;17.3;-0.0104611786082387
17.32;-0.00199147406965494;17.32;-0.000498468056321144
17.34;0.00298755848780274;17.34;-0.000498468056321144
17.36;-0.00199147406965494;17.36;-0.00547982333227992
17.38;-0.00199147406965494;17.38;-0.00547982333227992
17.4;-0.00199147406965494;17.4;0.00946424249559641
17.42;-0.00199147406965494;17.42;0.00448288721963763
17.44;-0.00199147406965494;17.44;0.00448288721963763
17.46;-0.00199147406965494;17.46;-0.000498468056321144
17.48;-0.00199147406965494;17.48;-0.000498468056321144
17.5;-0.00199147406965494;17.5;-0.00547982333227992
17.52;-0.00199147406965494;17.52;-0.000498468056321144
17.54;-0.00199147406965494;17.54;-0.00547982333227992
17.56;0.00298755848780274;17.56;-0.00547982333227992
17.58;0.00298755848780274;17.58;-0.00547982333227992
17.6;-0.00199147406965494;17.6;-0.000498468056321144
17.62;0.00298755848780274;17.62;-0.000498468056321144
17.64;-0.00199147406965494;17.64;-0.00547982333227992
17.66;-0.00199147406965494;17.66;-0.000498468056321144
17.68;0.00298755848780274;17.68;-0.000498468056321144
17.7;-0.00199147406965494;17.7;-0.0104611786082387
17.72;-0.00199147406965494;17.72;-0.000498468056321144
17.74;-0.00199147406965494;17.74;-0.00547982333227992
17.76;0.00298755848780274;17.76;-0.000498468056321144
17.78;-0.00199147406965494;17.78;-0.0104611786082387
17.8;-0.00199147406965494;17.8;0.0144455977715552
17.82;-0.00199147406965494;17.82;-0.00547982333227992
17.84;0.00298755848780274;17.84;0.00448288721963763
17.86;-0.00199147406965494;17.86;-0.000498468056321144
17.88;-0.00199147406965494;17.88;-0.00547982333227992
17.9;-0.00199147406965494;17.9;-0.00547982333227992
17.92;0.00298755848780274;17.92;-0.000498468056321144
17.94;-0.00199147406965494;17.94;-0.000498468056321144
17.96;0.00298755848780274;17.96;0.00448288721963763
17.98;-0.00199147406965494;17.98;-0.00547982333227992
18;-0.00199147406965494;18;-0.000498468056321144
18.02;0.00298755848780274;18.02;-0.00547982333227992
18.04;0.00298755848780274;18.04;-0.00547982333227992
18.06;0.00298755848780274;18.06;-0.00547982333227992
18.08;0.00298755848780274;18.08;-0.00547982333227992
18.1;-0.00199147406965494;18.1;-0.00547982333227992
18.12;-0.00199147406965494;18.12;-0.000498468056321144
18.14;-0.00199147406965494;18.14;-0.000498468056321144
18.16;-0.00199147406965494;18.16;0.00448288721963763
18.18;0.00298755848780274;18.18;-0.00547982333227992
18.2;-0.00199147406965494;18.2;-0.00547982333227992
18.22;0.00298755848780274;18.22;-0.00547982333227992
18.24;-0.00199147406965494;18.24;-0.000498468056321144
18.26;0.00298755848780274;18.26;-0.000498468056321144
18.28;-0.00199147406965494;18.28;-0.000498468056321144
18.3;-0.00199147406965494;18.3;-0.0104611786082387
18.32;0.00298755848780274;18.32;-0.00547982333227992
18.34;-0.00199147406965494;18.34;-0.00547982333227992
18.36;0.00298755848780274;18.36;-0.0154425338841975
18.38;0.00298755848780274;18.38;-0.00547982333227992
18.4;-0.00199147406965494;18.4;-0.000498468056321144
18.42;-0.00199147406965494;18.42;-0.000498468056321144
18.44;0.00298755848780274;18.44;-0.000498468056321144
18.46;-0.00199147406965494;18.46;-0.000498468056321144
18.48;-0.00199147406965494;18.48;-0.000498468056321144
18.5;-0.00199147406965494;18.5;-0.00547982333227992
18.52;-0.00199147406965494;18.52;-0.000498468056321144
18.54;-0.00199147406965494;18.54;0.00448288721963763
18.56;-0.00199147406965494;18.56;-0.0104611786082387
18.58;-0.00199147406965494;18.58;-0.00547982333227992
18.6;-0.00199147406965494;18.6;-0.000498468056321144
18.62;-0.00199147406965494;18.62;-0.00547982333227992
18.64;-0.00199147406965494;18.64;-0.00547982333227992
18.66;-0.00199147406965494;18.66;0.00946424249559641
18.68;-0.00199147406965494;18.68;-0.0104611786082387
18.7;-0.00199147406965494;18.7;-0.00547982333227992
18.72;-0.00199147406965494;18.72;0.00448288721963763
18.74;0.00298755848780274;18.74;-0.00547982333227992
18.76;0.00298755848780274;18.76;-0.00547982333227992
18.78;0.00298755848780274;18.78;0.00946424249559641
18.8;-0.00199147406965494;18.8;-0.00547982333227992
18.82;0.0129456236027181;18.82;0.0144455977715552
18.84;-0.00199147406965494;18.84;0.0144455977715552
18.86;-0.00199147406965494;18.86;-0.0104611786082387
18.88;-0.00199147406965494;18.88;-0.00547982333227992
18.9;-0.00199147406965494;18.9;-0.000498468056321144
18.92;-0.00199147406965494;18.92;-0.00547982333227992
18.94;-0.00199147406965494;18.94;-0.0154425338841975
18.96;-0.00199147406965494;18.96;0.00448288721963763
18.98;-0.00199147406965494;18.98;-0.00547982333227992
19;-0.00199147406965494;19;-0.000498468056321144
19.02;-0.00199147406965494;19.02;-0.00547982333227992
19.04;-0.00199147406965494;19.04;0.00448288721963763
19.06;0.00298755848780274;19.06;0.00448288721963763
19.08;-0.00199147406965494;19.08;-0.00547982333227992
19.1;-0.00199147406965494;19.1;0.00448288721963763
19.12;-0.00199147406965494;19.12;-0.000498468056321144
19.14;-0.00199147406965494;19.14;-0.00547982333227992
19.16;-0.00199147406965494;19.16;-0.000498468056321144
19.18;-0.00199147406965494;19.18;-0.0104611786082387
19.2;0.00298755848780274;19.2;-0.00547982333227992
19.22;0.00298755848780274;19.22;0.00448288721963763
19.24;0.00298755848780274;19.24;-0.00547982333227992
19.26;-0.00199147406965494;19.26;-0.00547982333227992
19.28;0.00298755848780274;19.28;-0.000498468056321144
19.3;-0.00199147406965494;19.3;-0.00547982333227992
19.32;-0.00199147406965494;19.32;-0.00547982333227992
19.34;0.00298755848780274;19.34;-0.00547982333227992
19.36;0.00298755848780274;19.36;-0.000498468056321144
19.38;-0.00199147406965494;19.38;-0.00547982333227992
19.4;-0.00199147406965494;19.4;-0.000498468056321144
19.42;-0.00199147406965494;19.42;-0.00547982333227992
19.44;-0.00199147406965494;19.44;-0.0154425338841975
19.46;-0.00199147406965494;19.46;-0.000498468056321144
19.48;0.00298755848780274;19.48;0.00448288721963763
19.5;-0.00199147406965494;19.5;-0.00547982333227992
19.52;-0.00199147406965494;19.52;0.0144455977715552
19.54;-0.00199147406965494;19.54;-0.000498468056321144
19.56;-0.00199147406965494;19.56;0.00448288721963763
19.58;0.00298755848780274;19.58;-0.00547982333227992
19.6;-0.00199147406965494;19.6;-0.00547982333227992
19.62;-0.00199147406965494;19.62;-0.000498468056321144
19.64;-0.00199147406965494;19.64;-0.000498468056321144
19.66;0.00298755848780274;19.66;0.00448288721963763
19.68;-0.00199147406965494;19.68;-0.000498468056321144
19.7;-0.00199147406965494;19.7;-0.0104611786082387
19.72;-0.00199147406965494;19.72;-0.0154425338841975
19.74;-0.00199147406965494;19.74;-0.000498468056321144
19.76;-0.00199147406965494;19.76;-0.00547982333227992
19.78;-0.00199147406965494;19.78;-0.000498468056321144
19.8;-0.00199147406965494;19.8;-0.0104611786082387
19.82;0.00298755848780274;19.82;-0.000498468056321144
19.84;-0.00199147406965494;19.84;-0.00547982333227992
19.86;-0.00697050662711263;19.86;0.00448288721963763
19.88;-0.00199147406965494;19.88;-0.0104611786082387
19.9;-0.00199147406965494;19.9;0.00448288721963763
19.92;-0.00199147406965494;19.92;-0.000498468056321144
19.94;0.00298755848780274;19.94;-0.000498468056321144
19.96;0.00298755848780274;19.96;0.00448288721963763
19.98;-0.00199147406965494;19.98;-0.000498468056321144
